FID,PORT_NAME,PORT_NAME(KR),ISO_CODE,COUNTRY_NAME,latitude,longitude
1,AYVALIK,아이발릭항  ,TR,Turkey,39.31666667,26.7
2,IZMIR,이즈미르항  ,TR,Turkey,38.43333333,27.13333333
3,VINH CAM RANH,빈캄란항  ,VN,Viet Nam,11.88333333,109.1666667
4,NHA TRANG,냐짱항  ,VN,Viet Nam,12.25,109.2333333
5,QUI NHON,귀년항  ,VN,Viet Nam,13.76666667,109.2333333
6,DA NANG,다낭항  ,VN,Viet Nam,16.1,108.2166667
7,HAI PHONG,하이퐁항  ,VN,Viet Nam,20.91666667,106.6833333
8,HON GAI,혼가이항  ,VN,Viet Nam,20.95,107.0666667
9,YANDINA,얀디나항  ,SB,Solomon Islands,-9.083333333,159.2166667
10,TERN ISLAND,턴항  ,US,United States of America,23.86666667,-166.2833333
11,JOHNSTON ATOLL,존스턴환초항  ,XU,-,16.75,-169.5166667
12,MIDWAY ISLAND,미드웨이항  ,QM,-,28.18333333,-177.3666667
13,WAKE ISLAND,웨이크항  ,QW,-,19.28333333,166.6166667
14,MAJURO ATOLL,마주로환초항  ,MH,Marshall Is.,7.083333333,171.3833333
15,TARAWA ATOLL,타라와환초항  ,KI,Kiribati,1.333333333,172.9333333
16,NAURU,나우루항  ,NR,Nauru,-0.533333333,166.9166667
17,SAIPAN,사이판항  ,MP,Northern Mariana Is.,15.2,145.6833333
18,TINIAN,티니안항  ,MP,Northern Mariana Is.,14.96666667,145.6166667
19,ROTA,로타항  ,MP,Northern Mariana Is.,14.13333333,145.15
20,APRA HARBOR,아프라항  ,GU,Guam,13.45,144.6166667
21,LELE HARBOR,렐레항  ,FM,Micronesia,5.333333333,163.0333333
22,COLONIA,콜로니아항  ,FM,Micronesia,9.516666667,138.1333333
23,MALAKAL HARBOR,말라칼항  ,PW,Palau,7.333333333,134.45
24,LONGAN ISLAND,롱안항  ,PG,Papua New Guinea,-1.216666667,144.3
25,LORENGAU,로렌가우항  ,PG,Papua New Guinea,-2.016666667,147.2666667
26,WEWAK HARBOR,웨왁항  ,PG,Papua New Guinea,-3.566666667,143.6333333
27,HAMBURG HARBOR,함부르크항  ,PG,Papua New Guinea,-1.633333333,149.9666667
28,KOKOPO,코코포항  ,PG,Papua New Guinea,-4.333333333,152.2666667
29,KIMBE,킴베항  ,PG,Papua New Guinea,-5.133333333,150.5333333
30,KIETA,키에타항,PG,Papua New Guinea,-6.216666667,155.6333333
31,GIZO HARBOR,기조항,SB,Solomon Islands,-8.1,156.85
32,NONOPAPA,노노파파항,US,United States of America,21.86666667,-160.2333333
33,APIA,아피아항,WS,Samoa,-13.81666667,-171.7666667
34,PAGO PAGO HARBOR,파고파고항,AS,American Samoa,-14.28333333,-170.6666667
35,ALOFI,알로피항,NU,Niue,-19.03333333,-169.9333333
36,AVATIU,아바티우항,CK,Cook Islands,-21.2,-159.7833333
37,NEMRUT LIMANI BAY,네므룻리마니항,TR,Turkey,38.76666667,26.91666667
38,KUSADASI,쿠사다시항,TR,Turkey,37.86666667,27.25
39,MARMARIS,마르마리스항,TR,Turkey,36.85,28.28333333
40,FETHIYE,페티예항,TR,Turkey,36.63333333,29.1
41,SOKHUMI,수흐미항,GE,Georgia,42.98333333,40.98333333
42,CHORNOMORS KE,초르노모르스케항,UA,Ukraine,45.51666667,32.7
43,YEVPATORIYA,예브파토리야항,UA,Ukraine,45.2,33.38333333
44,SEVASTOPOL,세바스토폴항,UA,Ukraine,44.61666667,33.53333333
45,BALAKLAVA,발라클라바항,UA,Ukraine,44.5,33.6
46,YALTA,얄타항,UA,Ukraine,44.48333333,34.16666667
47,ALUSHTA,알루슈타항,UA,Ukraine,44.68333333,34.41666667
48,SUDAK,수닥항,UA,Ukraine,44.85,34.98333333
49,FEODOSIYA,페오도시야항,UA,Ukraine,45.01666667,35.43333333
50,KERCH,케르치항,UA,Ukraine,45.35,36.48333333
51,HENICHESK,헤니체스크항,UA,Ukraine,46.16666667,34.81666667
52,KYRYLIVKA,키릴리브카항,UA,Ukraine,46.35,35.36666667
53,BERDYANSK,베르댠스크항,UA,Ukraine,46.75,36.78333333
54,MARIUPOL,마리우폴항,UA,Ukraine,47.08333333,37.56666667
55,TAGANROG,타간로그항,RU,Russia,47.2,38.95
56,ROSTOV-NA-DONU,로스토프나도누항,RU,Russia,47.16666667,39.71666667
57,AZOV,아조프항,RU,Russia,47.1,39.43333333
58,YEYSK,예이스크항,RU,Russia,46.73333333,38.26666667
59,TEMRYUK,템류크항,RU,Russia,45.35,37.35
60,ANAPA,아나파항,RU,Russia,44.88333333,37.31666667
61,NOVOROSSIYSK,노보로시이스크항,RU,Russia,44.71666667,37.78333333
62,TUAPSE,투압세항,RU,Russia,44.1,39.06666667
63,SOCHI,소치항,RU,Russia,43.58333333,39.73333333
64,ADLER,아들러항,RU,Russia,43.43333333,39.93333333
65,SKADOVS'K,스카도우스크항,UA,Ukraine,46.1,32.91666667
66,KHORLY,호를리항,UA,Ukraine,46.08333333,33.28333333
67,MILOS,미로스항,GR,Greece,36.71666667,24.45
68,SOUDHA,수다항,GR,Greece,35.48333333,24.18333333
69,IRAKLION,이라클리온항,GR,Greece,35.35,25.15
70,SITIA,시티아항,GR,Greece,35.21666667,26.13333333
71,KALI LIMENES,칼리리메네스항,GR,Greece,34.93333333,24.83333333
72,RODHOS,로도스항,GR,Greece,36.45,28.23333333
73,LIMIN KOS,리민코스항,GR,Greece,36.9,27.28333333
74,KALIMNOS,칼림노스항,GR,Greece,36.95,26.98333333
75,LAKKI,라키항,GR,Greece,37.13333333,26.85
76,ECEABAT,에제아바트항,TR,Turkey,40.18333333,26.36666667
77,GELIBOLU,갈리폴리항,TR,Turkey,40.4,26.66666667
78,TEKIRDAG,테키르다항,TR,Turkey,40.98333333,27.51666667
79,ISTANBUL,이스탄불항,TR,Turkey,41.01666667,28.96666667
80,DEFTERDAR BURNU,데프테르다르부르누항,TR,Turkey,41.05,29.03333333
81,ISTINYE,이스티녜항,TR,Turkey,41.11666667,29.05
82,BURGAS,부르가스항,BG,Bulgaria,42.48333333,27.48333333
83,VAITAPE,바이타페항,PF,French Polynesia,-16.5,-151.75
84,UTUROA,우투로아항,PF,French Polynesia,-16.73333333,-151.45
85,PAPEETE,파페에테항,PF,French Polynesia,-17.53333333,-149.5833333
86,PORT RIKITEA,리키테아항,PF,French Polynesia,-23.11666667,-134.9666667
87,ATUONA,아투오나항,PF,French Polynesia,-9.816666667,-139.0333333
88,BAIE TAIOHAE,타이오하에만항,PF,French Polynesia,-8.933333333,-140.0833333
89,CANTON ISLAND,캔턴섬항,KI,Kiribati,-2.833333333,-171.7166667
90,ENGLISH HARBOR,잉글리시항,KI,Kiribati,3.85,-159.3666667
91,HONOKAA,호노카아항,US,United States of America,20.1,-155.4666667
92,HILO,힐로항,US,United States of America,19.73333333,-155.0666667
93,HONUAPO,호누아포항,US,United States of America,19.08333333,-155.55
94,MILOLII,미롤리이항,US,United States of America,19.18333333,-155.9
95,KAUHAKO BAY,카우하코만항,US,United States of America,19.38333333,-155.9
96,NAPOOPOO,나푸푸항,US,United States of America,19.48333333,-155.9333333
97,KAILUA,카일루아항,US,United States of America,19.63333333,-156
98,KIHOLO,키홀로항,US,United States of America,19.86666667,-155.95
99,KAWAIHAE,카와이하에항,US,United States of America,20.03333333,-155.8333333
100,MAHUKONA,마후코나항,US,United States of America,20.18333333,-155.9
101,KAHULUI,카훌루이항,US,United States of America,20.9,-156.4666667
102,HANA,하나항,US,United States of America,20.75,-155.9833333
103,LAHAINA,라하이나항,US,United States of America,20.86666667,-156.6666667
104,KAUMALAPAU HARBOR,카우말라파우항,US,United States of America,20.78333333,-157
105,PUKOO,푸쿠오항,US,United States of America,21.06666667,-156.8
106,KAMALO,카말로항,US,United States of America,21.05,-156.8833333
107,KAUNAKAKAI,카우나카카이항,US,United States of America,21.08333333,-157.0333333
108,HONOLULU,호놀룰루항,US,United States of America,21.3,-157.8666667
109,PORT ALLEN,앨런항,US,United States of America,21.9,-159.5833333
110,NAWILIWILI BAY,나윌리윌리항,US,United States of America,21.95,-159.35
111,AHUKINI LANDING,아후키니항,US,United States of America,22,-159.3333333
112,MATA-UTU,마타우투항,WF,Wallis and Futuna,-13.28333333,-176.1333333
113,DEVONPORT,데번포트항,AU,Australia,-41.18333333,146.3666667
114,BEAUTY POINT,뷰티포인트항,AU,Australia,-41.15,146.8166667
115,LAUNCESTON,론세스턴항,AU,Australia,-41.45,147.1166667
116,WHANGAROA,왕가로아항,NZ,New Zealand,-35.05,173.7666667
117,OPUA,오푸아항,NZ,New Zealand,-35.31666667,174.1166667
118,WHANGAREI,왕가레이항,NZ,New Zealand,-35.8,174.4333333
119,AUCKLAND,오클랜드항,NZ,New Zealand,-36.85,174.7666667
120,TAURANGA,타우랑가항,NZ,New Zealand,-37.63333333,176.1666667
121,GISBORNE,기스본항,NZ,New Zealand,-38.66666667,178.0333333
122,NAPIER,네이피어항,NZ,New Zealand,-39.48333333,176.9166667
123,WELLINGTON,웰링턴항,NZ,New Zealand,-41.28333333,174.7833333
124,WANGANUI,왕가누이항,NZ,New Zealand,-39.95,175.0333333
125,NEW PLYMOUTH,뉴플리머스항,NZ,New Zealand,-39.06666667,174.0333333
126,VARNA,바르나항,BG,Bulgaria,43.18333333,27.96666667
127,MANGALIA,망갈리아항,RO,Romania,43.81666667,28.58333333
128,CONSTANTA,콘스탄차항,RO,Romania,44.16666667,28.65
129,SULINA,술리나항,RO,Romania,45.16666667,29.66666667
130,BRAILA,브라일라항,RO,Romania,45.25,27.98333333
131,GALATI,갈라치항,RO,Romania,45.41666667,28.08333333
132,IZMAYIL,이즈마일항,UA,Ukraine,45.33333333,28.85
133,ILLICHIVSK,일리치프스크항,UA,Ukraine,46.3,30.65
134,ODESA,오데사항,UA,Ukraine,46.48333333,30.73333333
135,YUZHNYY,유즈니항,UA,Ukraine,46.6,31.01666667
136,MYKOLAYIV,미콜라이우항,UA,Ukraine,46.95,31.98333333
137,KHERSON,케르손항,UA,Ukraine,46.61666667,32.6
138,ORMOS ALIVERIOU,오르모스 알리베리우항,GR,Greece,38.38333333,24.05
139,PORTHMOS EVRIPOU,포르스모스 에브리푸항,GR,Greece,38.46666667,23.58333333
140,LARIMNA,라림나항,GR,Greece,38.56666667,23.28333333
141,STILIS,스틸리스항,GR,Greece,38.91666667,22.61666667
142,TSINGELI,친겔리항,GR,Greece,39.16666667,22.85
143,VOLOS,볼로스항,GR,Greece,39.36666667,22.95
144,MILIANA,밀리아나항,GR,Greece,39.16666667,23.21666667
145,THESSALONIKI,테살로니키항,GR,Greece,40.63333333,22.93333333
146,YERAKINI,예라키니항,GR,Greece,40.26666667,23.46666667
147,STRATONI,스트라토니항,GR,Greece,40.51666667,23.83333333
148,LAGOS,라고스항,GR,Greece,41,25.13333333
149,ALEXANDROUPOLI,알렉산드루폴리항,GR,Greece,40.83333333,25.88333333
150,MITILINI,미틸리니항,GR,Greece,39.1,26.56666667
151,PLOMARION,플로마리온항,GR,Greece,38.98333333,26.36666667
152,VRAKHONISIS KALLONIS,브라코니스칼로니스항,GR,Greece,39.08333333,26.08333333
153,KHIOS,키오스항,GR,Greece,38.36666667,26.13333333
154,NEON KARLOVAS,네온카를로바스항,GR,Greece,37.8,26.68333333
155,SAMOS,사모스항,GR,Greece,37.75,26.96666667
156,PITHAGORION,피타고리온항,GR,Greece,37.68333333,26.95
157,GAVRIO,가브리오항,GR,Greece,37.88333333,24.73333333
158,ANDROS,안드로스항,GR,Greece,37.83333333,24.95
159,MIKONOS,미코노스항,GR,Greece,37.45,25.33333333
160,LIMIN SIROU,리민시루항,GR,Greece,37.43333333,24.95
161,NISOS NAXOS,낙소스항,GR,Greece,37.1,25.36666667
162,DHIAVLOS STENO,디아블로스스테노항,GR,Greece,38.45,23.6
163,SHENGJIN,쉥진항,AL,Albania,41.81666667,19.6
164,DURRES,두레스항,AL,Albania,41.31666667,19.45
165,VLORES,블로레스항,AL,Albania,40.46666667,19.5
166,KERKIRA,케르키라항,GR,Greece,39.61666667,19.93333333
167,PREVEZA,프레베자항,GR,Greece,38.95,20.75
168,ARGOSTOLION,아르고스토리온항,GR,Greece,38.18333333,20.51666667
169,MESOLONGION,메솔로니온항,GR,Greece,38.36666667,21.41666667
170,ITEA,이테아항,GR,Greece,38.43333333,22.41666667
171,MANUKAU HARBOR,마누카우항,NZ,New Zealand,-36.93333333,174.7833333
172,COLLINGWOOD,콜링우드항,NZ,New Zealand,-40.68333333,172.6666667
173,NELSON,넬슨항,NZ,New Zealand,-41.26666667,173.2666667
174,PICTON,픽턴항,NZ,New Zealand,-41.28333333,174.0166667
175,PORT LYTTELTON,리틀턴항,NZ,New Zealand,-43.6,172.7166667
176,AKAROA,아카로아항,NZ,New Zealand,-43.8,172.9666667
177,TIMARU,티마루항,NZ,New Zealand,-44.4,171.25
178,OTAGO HARBOR,오타고항,NZ,New Zealand,-45.81666667,170.6333333
179,BLUFF HARBOR,블러프항,NZ,New Zealand,-46.6,168.3333333
180,GREYMOUTH,그레이마우스항,NZ,New Zealand,-42.43333333,171.2166667
181,WESTPORT,웨스트포트항,NZ,New Zealand,-41.75,171.6
182,KINGSTON,킹스턴항,NF,Norfuk Ailen,-29.06666667,167.95
183,LAUTOKA HARBOR,라우토카항,FJ,Fiji,-17.6,177.45
184,SUVA HARBOR,수바항,FJ,Fiji,-18.13333333,178.4166667
185,LEVUKA,레부카항,FJ,Fiji,-17.68333333,178.8333333
186,MALAI,말라이항,FJ,Fiji,-16.35,179.3666667
187,SAVUSAVU BAY,사부사부항,FJ,Fiji,-16.76666667,179.3333333
188,NUKU ALOFA,누쿠알로파항,TO,Tonga,-21.13333333,-175.2
189,PANGAI,판가이항,TO,Tonga,-19.8,-174.35
190,NEIAFU,네이아푸항,TO,Tonga,-18.65,-173.9833333
191,FUNAFUTI ATOLL,푸나푸티환초항,TV,Tuvalu,-8.516666667,179.1333333
192,PORT BONYTHON,보니스톤항,AU,Australia,-33.01666667,137.7666667
193,PORT LINCOLN,링컨항,AU,Australia,-34.71666667,135.85
194,THEVENARD,테브나드항,AU,Australia,-32.16666667,133.65
195,ESPERANCE,에스퍼런스항,AU,Australia,-33.86666667,121.9
196,ALBANY,올버니항,AU,Australia,-35.03333333,117.8833333
197,BUNBURY,번버리항,AU,Australia,-33.31666667,115.6333333
198,FREMANTLE,프리맨틀항,AU,Australia,-32.05,115.75
199,GERALDTON,제랄드턴항,AU,Australia,-28.78333333,114.6
200,POINT MURAT,포인트무랏항,AU,Australia,-21.81666667,114.1833333
201,ONSLOW,온슬로우항,AU,Australia,-21.65,115.1
202,PORT WALCOTT,월콧항,AU,Australia,-20.65,117.1833333
203,DAMPIER,댐피어항,AU,Australia,-20.63333333,116.7166667
204,PORT HEDLAND,헤들랜드항,AU,Australia,-20.31666667,118.5833333
205,BROOME,브룸항,AU,Australia,-17.96666667,122.2333333
206,WYNDHAM,윈덤항,AU,Australia,-15.46666667,128.1
207,DARWIN,다윈항,AU,Australia,-12.46666667,130.85
208,AIYION,아이온항,GR,Greece,38.25,22.08333333
209,PATRAI,파트라항,GR,Greece,38.25,21.73333333
210,KATAKOLON,카타콜론항,GR,Greece,37.65,21.31666667
211,PILOS,필로스항,GR,Greece,36.9,21.66666667
212,KALAMATA,칼라마타항,GR,Greece,37.01666667,22.11666667
213,YITHION,이시온항,GR,Greece,36.75,22.56666667
214,NAVPLIO,나플리오항,GR,Greece,37.56666667,22.8
215,MEGARA OIL TERMINAL,메가라오일터미널항,GR,Greece,37.96666667,23.4
216,AYIOS NIKOLAOS,아이오스니콜라오스항,GR,Greece,37.98333333,23.53333333
217,ELEVSIS,엘레브시스항,GR,Greece,38.03333333,23.55
218,PAKHI OIL TERMINAL,파키오일터미널항,GR,Greece,37.96666667,23.38333333
219,PERAMA,페라마항,GR,Greece,37.96666667,23.56666667
220,PIRAIEVS,피레이브스항,GR,Greece,37.93333333,23.65
221,ORMOS MIKRO VATHI,오르모스 미크로 바시항,GR,Greece,38.43333333,23.6
222,DUBROVNIK,두브로브니크항,HR,Croatia,42.66666667,18.08333333
223,PORTO DI BARLETTA,바를레타항,IT,Italy,41.31666667,16.28333333
224,MANFREDONIA,만프레도니아항,IT,Italy,41.61666667,15.91666667
225,VASTO,바스토항,IT,Italy,42.11666667,14.71666667
226,ORTONA,오르토나항,IT,Italy,42.35,14.41666667
227,PESCARA,페스카라항,IT,Italy,42.46666667,14.21666667
228,ANCONA,안코나항,IT,Italy,43.61666667,13.5
229,PORTO DI CORSINI,코르시니항,IT,Italy,44.5,12.28333333
230,PORTO DI MALAMOCCO,말라모코항,IT,Italy,45.33333333,12.31666667
231,PORTO DI LIDO-VENEZIA,리도베네치아항,IT,Italy,45.41666667,12.43333333
232,MONFALCONE,몬팔코네항,IT,Italy,45.78333333,13.55
233,TRIESTE,트리에스테항,IT,Italy,45.65,13.76666667
234,MUGGIA,무지아항,IT,Italy,45.6,13.76666667
235,KOPER,코페르항,SI,Slovenia,45.55,13.73333333
236,PIRAN,피란항,SI,Slovenia,45.53333333,13.56666667
237,UMAG,우마그항,HR,Croatia,45.43333333,13.51666667
238,ROVINJ,로빈항,HR,Croatia,45.08333333,13.63333333
239,PULA,풀라항,HR,Croatia,44.88333333,13.8
240,BRSICA,브르시차항,HR,Croatia,45.03333333,14.05
241,RIJEKA LUKA,리예카항,HR,Croatia,45.33333333,14.43333333
242,BAKAR,바카르항,HR,Croatia,45.3,14.53333333
243,OMISALJ,오미샬항,HR,Croatia,45.21666667,14.55
244,SENJ,센항,HR,Croatia,44.98333333,14.9
245,ZADAR,자다르항,HR,Croatia,44.11666667,15.21666667
246,SIBENIK,시베니크항,HR,Croatia,43.73333333,15.88333333
247,MOLFETTA,몰페타항,IT,Italy,41.21666667,16.6
248,SPLIT,스플리트항,HR,Croatia,43.5,16.43333333
249,PLOCE,플로체항,HR,Croatia,43.05,17.43333333
250,TORRE ANNUNZIATA,토레안눈치아타항,IT,Italy,40.75,14.45
251,MILNER BAY,밀너항,AU,Australia,-13.86666667,136.4166667
252,WEIPA,와이파항,AU,Australia,-12.66666667,141.8666667
253,GOVE,고브항,AU,Australia,-12.2,136.7
254,KARUMBA,카룸바항,AU,Australia,-17.48333333,140.8333333
255,HOBART,호바트항,AU,Australia,-42.88333333,147.3333333
256,PORT HUON,휴온항,AU,Australia,-43.16666667,146.9833333
257,DOVER,도버항,AU,Australia,-43.31666667,147.0333333
258,STANLEY,스탠리항,AU,Australia,-40.76666667,145.2833333
259,PORT LATTA,라타항,AU,Australia,-40.83333333,145.3833333
260,BURNIE,버니항,AU,Australia,-41.05,145.95
261,WHYALLA,와일라항,AU,Australia,-33.03333333,137.5833333
262,BALLINA,발리나항,AU,Australia,-28.86666667,153.5666667
263,NEWCASTLE,뉴캐슬항,AU,Australia,-32.91666667,151.7833333
264,SYDNEY,시드니항,AU,Australia,-33.86666667,151.2
265,BOTANY BAY,보터니항,AU,Australia,-34,151.2333333
266,PORT KEMBLA,켐블라항,AU,Australia,-34.48333333,150.9166667
267,JERVIS BAY,저비스항,AU,Australia,-35.11666667,150.8
268,BATEMANS BAY,배트먼스항,AU,Australia,-35.7,150.1666667
269,EDEN,이든항,AU,Australia,-37.06666667,149.9166667
270,WELSHPOOL,웰시풀항,AU,Australia,-38.7,146.4666667
271,WESTERN PORT,웨스턴포트항,AU,Australia,-38.35,145.2333333
272,MELBOURNE,멜버른항,AU,Australia,-37.83333333,144.9666667
273,GEELONG,질롱항,AU,Australia,-38.15,144.3666667
274,WARRNAMBOOL,워넘불항,AU,Australia,-38.4,142.4833333
275,PORTLAND,포틀랜드항,AU,Australia,-38.33333333,141.6
276,KINGSCOTE,킹스코트항,AU,Australia,-35.63333333,137.6333333
277,PORT ADELAIDE,애들레이드항,AU,Australia,-34.85,138.5
278,ARDROSSAN,아드로산항,AU,Australia,-34.43333333,137.9166667
279,PORT GILES,자일스항,AU,Australia,-35.03333333,137.7666667
280,WALLAROO,월라루항,AU,Australia,-33.93333333,137.6166667
281,PORT PIRIE,피리항,AU,Australia,-33.18333333,138.0166667
282,FAKFAK,팍팍항,ID,Indonesia,-2.933333333,132.2833333
283,AMAMAPARE,아마마파레항,ID,Indonesia,-4.816666667,136.9666667
284,MERAUKE,메라우케항,ID,Indonesia,-8.483333333,140.3833333
285,DARU,다루항,PG,Papua New Guinea,-9.066666667,143.2
286,PORT MORESBY,모레스비항,PG,Papua New Guinea,-9.466666667,147.1333333
287,ALOTOA,알로토아항,PG,Papua New Guinea,-10.31666667,150.45
288,SAMARAI,사마라이항,PG,Papua New Guinea,-10.61666667,150.6666667
289,SULOGA HARBOR,술로가항,PG,Papua New Guinea,-9.216666667,152.7666667
290,DISCOVERY BAY,디스커버리항,PG,Papua New Guinea,-10.41666667,150.4166667
291,ORO BAY,오로항,PG,Papua New Guinea,-8.883333333,148.4833333
292,LAE,레이항,PG,Papua New Guinea,-6.733333333,147
293,MADANG,마당항,PG,Papua New Guinea,-5.216666667,145.8166667
294,CASTELLAMMARE DI STABIA,카스텔라마레디스따비아항,IT,Italy,40.7,14.48333333
295,SALERNO,살레르노항,IT,Italy,40.66666667,14.75
296,VIBO VALENTIA MARINA,비보발렌티아항,IT,Italy,38.71666667,16.13333333
297,REGGIO DI CALABRIA,레조디칼라브리아항,IT,Italy,38.11666667,15.65
298,MESSINA,메시나항,IT,Italy,38.2,15.56666667
299,MILAZZO,밀라초항,IT,Italy,38.21666667,15.25
300,GIOIA TAURO,지오이아타우로항,IT,Italy,38.41666667,15.9
301,PORTO DI PALERMO,팔레르모항,IT,Italy,38.13333333,13.36666667
302,TRAPANI,트라파니항,IT,Italy,38.01666667,12.5
303,MARSALA,마르살라항,IT,Italy,37.78333333,12.43333333
304,MAZARA DEL VALLO,마자라델발로항,IT,Italy,37.65,12.58333333
305,PORTO EMPEDOCLE,엠페도클레항,IT,Italy,37.28333333,13.53333333
306,LICATA,리카타항,IT,Italy,37.1,13.93333333
307,GELA,젤라항,IT,Italy,37.06666667,14.25
308,POZZALLO,포잘로항,IT,Italy,36.71666667,14.85
309,SIRACUSA,시라쿠사항,IT,Italy,37.05,15.28333333
310,AUGUSTA,아우구스타항,IT,Italy,37.21666667,15.23333333
311,CATANIA,카타니아항,IT,Italy,37.5,15.1
312,LIPARI,리파리항,IT,Italy,38.48333333,14.96666667
313,VALLETTA HARBORS,발레타항,MT,Malta,35.9,14.51666667
314,MARSAXLOKK,마르삭슬록항,MT,Malta,35.81666667,14.55
315,CROTONE,크로토네항,IT,Italy,39.08333333,17.13333333
316,TARANTO,타란토항,IT,Italy,40.46666667,17.2
317,GALLIPOLI,갈리폴리항,IT,Italy,40.05,17.98333333
318,OTRANTO,오트란토항,IT,Italy,40.15,18.5
319,MONOPOLI,모노폴리항,IT,Italy,40.95,17.3
320,BARI,바리항,IT,Italy,41.13333333,16.86666667
321,PORTO DI ORISTANO,오리스타노항,IT,Italy,39.86666667,8.55
322,PORTO TORRES,토레스항,IT,Italy,40.83333333,8.4
323,SAN REMO,산레모항,IT,Italy,43.81666667,7.783333333
324,IMPERIA,임페리아항,IT,Italy,43.88333333,8.033333333
325,RADA DI VADO,라다바도항,IT,Italy,44.26666667,8.433333333
326,SAVONA,사보나항,IT,Italy,44.31666667,8.5
327,GENOVA,제노바항,IT,Italy,44.4,8.933333333
328,LA SPEZIA,라스페치아항,IT,Italy,44.1,9.833333333
329,MARINA DI CARRARA,마리나 카라라항,IT,Italy,44.03333333,10.03333333
330,LIVORNO,리보르노항,IT,Italy,43.55,10.31666667
331,VADA,바다항,IT,Italy,43.35,10.45
332,VANIMO,바니모항,PG,Papua New Guinea,-2.683333333,141.1333333
333,THURSDAY ISLAND,써스데이아일랜드항,AU,Australia,-10.58333333,142.2166667
334,CAIRNS,케언스항,AU,Australia,-16.91666667,145.7833333
335,MOURILYAN HARBOUR,무릴얀항,AU,Australia,-17.6,146.1333333
336,LUCINDA,루신다항,AU,Australia,-18.51666667,146.3333333
337,TOWNSVILLE,타운스빌항,AU,Australia,-19.26666667,146.8166667
338,MACKAY,매케이항,AU,Australia,-21.11666667,149.2166667
339,HAY POINT,헤이포인트항,AU,Australia,-21.28333333,149.3
340,PORT ALMA,알마항,AU,Australia,-23.58333333,150.85
341,GLADSTONE,글래드스톤항,AU,Australia,-23.85,151.25
342,BUNDABERG,번버리항,AU,Australia,-24.86666667,152.35
343,BRISBANE,브리즈번항,AU,Australia,-27.46666667,153.0333333
344,SAILOLOF,사일로로프항,ID,Indonesia,-1.25,130.75
345,BAUBAU,바우바우항,ID,Indonesia,-5.466666667,122.6166667
346,RAHA ROADSTEAD,라하항,ID,Indonesia,-4.85,122.7333333
347,POMALAA,포말라아항,ID,Indonesia,-4.166666667,121.6
348,UJUNG PANDANG,우중판당항,ID,Indonesia,-5.133333333,119.4
349,DONGGALA,동갈라항,ID,Indonesia,-0.65,119.7333333
350,TAHUNA,타후나항,ID,Indonesia,3.616666667,125.4833333
351,TERNATE,터르나테항,ID,Indonesia,0.783333333,127.3833333
352,LABUHA,라부하항,ID,Indonesia,-0.633333333,127.4666667
353,BULA,불라항,ID,Indonesia,-3.1,130.5
354,SALAWATI,살라와티항,ID,Indonesia,-1.35,130.9833333
355,AMBON,암본항,ID,Indonesia,-3.683333333,128.1666667
356,NAMLEA,남레아항,ID,Indonesia,-3.283333333,127.0833333
357,SAUMLAKI,사움라키항,ID,Indonesia,-7.983333333,131.3
358,SERUI,세루이항,ID,Indonesia,-1.9,136.25
359,MANOKWARI ROAD,마노크와리로드항,ID,Indonesia,-0.866666667,134.0833333
360,MANGKASA OIL TERMINAL,망카사 오일 터미널항,ID,Indonesia,-2.733333333,121.0666667
361,KENDARI,켄다리항,ID,Indonesia,-3.966666667,122.5833333
362,KASIM TERMINAL,카심 터미널항,ID,Indonesia,-1.3,131.0166667
363,BINTULU PORT,빈툴루항,MY,Malaysia,3.266666667,113.0666667
364,MIRI,미리항,MY,Malaysia,4.383333333,113.9666667
365,LUTONG,루통항,MY,Malaysia,4.466666667,114
366,MUARA HARBOR,무아라항,BN,Brunei Darussalam,5.033333333,115.0666667
367,BANDAR SERI BEGAWAN,반다르스리브가완항,BN,Brunei Darussalam,4.883333333,114.8833333
368,SERIA OIL LOADING TERMINAL,세리아 오일 로딩 터미널항,BN,Brunei Darussalam,4.616666667,114.3166667
369,PORTOVECCHIO DI PIOMBINO,피옴비노항,IT,Italy,42.93333333,10.55
370,PORTO SANTO STEFANO,산토스테파노항,IT,Italy,42.43333333,11.11666667
371,CIVITAVECCHIA,치비타베키아항,IT,Italy,42.1,11.78333333
372,FIUMICINO,피우미치노항,IT,Italy,41.76666667,12.23333333
373,ANZIO,안치오항,IT,Italy,41.45,12.63333333
374,GAETA,가에타항,IT,Italy,41.2,13.58333333
375,POZZUOLI,포추올리항,IT,Italy,40.81666667,14.11666667
376,BAGNOLI,바뇰리항,IT,Italy,40.81666667,14.16666667
377,SHAKOTAN,샤코탄항,RU,Russia,43.86666667,146.8333333
378,NAPOLI,나폴리항,IT,Italy,40.85,14.26666667
379,CARLOFORTE,카를로포르테항,IT,Italy,39.15,8.316666667
380,PORTO VESME,베스메항,IT,Italy,39.2,8.4
381,PUERTO DE ALCUDIA,알쿠디아항,ES,Spain,39.83333333,3.133333333
382,MAHON,마온항,ES,Spain,39.88333333,4.266666667
383,ROSAS,로사스항,ES,Spain,42.26666667,3.183333333
384,PORT-VENDRES,방드르항,FR,France,42.51666667,3.116666667
385,PORT-LA-NOUVELLE,라누벨항,FR,France,43.01666667,3.066666667
386,SETE,셋항,FR,France,43.4,3.7
387,PORT SAINT LOUIS DU RHONE,생루이뒤론항,FR,France,43.38333333,4.816666667
388,FOS,포스항,FR,France,43.41666667,4.883333333
389,PORT-DE-BOUC,부크항,FR,France,43.4,4.983333333
390,MARSEILLE,마르세유항,FR,France,43.31666667,5.366666667
391,SAINT-TROPEZ,생트로페항,FR,France,43.26666667,6.633333333
392,SAINT-RAPHAEL,생라파엘항,FR,France,43.41666667,6.766666667
393,CANNES,칸느항,FR,France,43.55,7.016666667
394,ANTIBES,앙티브항,FR,France,43.58333333,7.133333333
395,NICE,니스항,FR,France,43.7,7.283333333
396,VILLEFRANCHE,빌프랑슈항,FR,France,43.7,7.316666667
397,MONACO,모나코항,MC,Monaco,43.73333333,7.416666667
398,BASTIA,바스티아항,FR,France,42.7,9.45
399,BONIFACIO,보니파시오항,FR,France,41.38333333,9.166666667
400,PORT DE PROPRIANO,프로프리아노항,FR,France,41.68333333,8.9
401,PORT D' AJACCIO,아작시오항,FR,France,41.91666667,8.75
402,MOMBETSU KO,몸베츠항,JP,Japan,44.35,143.35
403,ABASHIRI KO,아바시리항,JP,Japan,44.01666667,144.2833333
404,NEMURO KO,네무로항,JP,Japan,43.33333333,145.5833333
405,HANASAKI KO,하나사키항,JP,Japan,43.28333333,145.5833333
406,KUSHIRO KO,쿠시로항,JP,Japan,42.98333333,144.3666667
407,TOMAKOMAI KO,토마코마이항,JP,Japan,42.63333333,141.6333333
408,MURORAN KO,무로란항,JP,Japan,42.35,140.9666667
409,MORI,모리항,JP,Japan,42.11666667,140.5833333
410,HAKODATE KO,하코다테항,JP,Japan,41.78333333,140.7166667
411,ESASI KO,에사시항,JP,Japan,41.86666667,140.1166667
412,OTARU KO,오타루항,JP,Japan,43.2,141.0166667
413,RUMOI KO,루모이항,JP,Japan,43.95,141.6333333
414,WAKKANAI,왓카나이항,JP,Japan,43.41666667,141.6833333
415,AOMORI KO,아오모리항,JP,Japan,40.83333333,140.75
416,HACHINOHE KO,하치노헤항,JP,Japan,40.53333333,141.55
417,MIYAKO,미야코항,JP,Japan,39.63333333,141.9833333
418,KAMAISHI KO,가마이시항,JP,Japan,39.26666667,141.9
419,OFUNATO,오후나토항,JP,Japan,39.05,141.7333333
420,KESENNUMA KO,케센누마항,JP,Japan,38.86666667,141.6
421,ONAGAWA,오나가와항,JP,Japan,38.45,141.45
422,ISHINOMAKI KO,이시노마키항,JP,Japan,38.4,141.3166667
423,SENDAI-SHIOGAMA,센다이시오가마항,JP,Japan,38.31666667,141.0333333
424,ONAHAMA KO,오나하마항,JP,Japan,36.93333333,140.9
425,HITACHI,히타치항,JP,Japan,36.5,140.6333333
426,KASHIMA KO,카시마항,JP,Japan,35.93333333,140.7
427,CHOSHI,초시항,JP,Japan,35.73333333,140.85
428,TATEYAMA KO,타테야마항,JP,Japan,35,139.8
429,KISARAZU KO,키사라즈항,JP,Japan,35.36666667,139.8833333
430,CHIBA KO,치바항,JP,Japan,35.58333333,140.0666667
431,KATSUNAN KO,카츠난항,JP,Japan,35.66666667,139.9833333
432,KAWASAKI KO,가와사키항,JP,Japan,35.5,139.7666667
433,YOKOHAMA KO,요코하마항,JP,Japan,35.45,139.5833333
434,MYS ROGATYY OKTYABRSKIY,로가티이 옥탸브르스키항,RU,Russia,50.73333333,142.1
435,POHANG,포항항,KR,Republic of Korea,36.05,129.3833333
436,MUKHO,묵호항,KR,Republic of Korea,37.56666667,129.1166667
437,SOKCH'O HANG,속초항,KR,Republic of Korea,38.2,128.6
438,RICHARDS BAY,리차즈베이항,ZA,South Africa,-28.81666667,32.08333333
439,MAPUTO,마푸토항,MZ,Mozambique,-25.96666667,32.58333333
440,CHINDE,친데항,MZ,Mozambique,-18.56666667,36.5
441,QUELIMANE,퀠리마네항,MZ,Mozambique,-17.88333333,36.88333333
442,MOCAMBIQUE,모잠비크항,MZ,Mozambique,-15.03333333,40.73333333
443,NACALA,나칼라항,MZ,Mozambique,-14.53333333,40.66666667
444,MIKINDANI,미킨다니항,TZ,"Tanzania, the United Republic of",-10.26666667,40.13333333
445,MTWARA,므트와라항,TZ,"Tanzania, the United Republic of",-10.26666667,40.2
446,DAR ES SALAAM,다르에스살람항,TZ,"Tanzania, the United Republic of",-6.816666667,39.3
447,CHAKE CHAKE,차케차케항,TZ,"Tanzania, the United Republic of",-5.25,39.76666667
448,MOMBASA,몸바사항,KE,Kenya,-4.066666667,39.66666667
449,KILIFI,킬리피항,KE,Kenya,-3.633333333,39.86666667
450,MALINDI,말린디항,KE,Kenya,-3.216666667,40.13333333
451,MARKA,마르카항,SO,Somalia,1.716666667,44.78333333
452,MUQDISHO,무가디슈항,SO,Somalia,2.033333333,45.35
453,FOMBONI,폼보니항,KM,Comoros,-12.26666667,43.75
454,MOUTSAMOUDU,무차무두항,KM,Comoros,-12.15,44.4
455,MAHAJANGA,마하잔가항,MG,Madagascar,-15.71666667,46.3
456,SALDANHA BAY,살단하항,ZA,South Africa,-33.03333333,17.96666667
457,CAPE TOWN,케이프타운항,ZA,South Africa,-33.91666667,18.41666667
458,OKRIKA,오크리카항,NG,Nigeria,4.716666667,7.083333333
459,PORT HARCOURT,포트하코트항,NG,Nigeria,4.766666667,7
460,ANTAN OIL TERMINAL,안탄 오일 터미널항,NG,Nigeria,4.216666667,8.333333333
461,CALABAR,칼라바르항,NG,Nigeria,4.966666667,8.316666667
462,UIG,위그항,GB,United Kingdom of Great Britain and Northern Ireland,57.58333333,-6.35
463,LOCHMADDY,로크매디항,GB,United Kingdom of Great Britain and Northern Ireland,57.6,-7.166666667
464,CASTLE BAY,캐슬베이항,GB,United Kingdom of Great Britain and Northern Ireland,56.95,-7.483333333
465,LOCHBOISDALE,로크보이스데일항,GB,United Kingdom of Great Britain and Northern Ireland,57.15,-7.3
466,STORNOWAY HARBOR,스토르노웨이항,GB,United Kingdom of Great Britain and Northern Ireland,58.18333333,-6.366666667
467,TARBERT,터버트항,GB,United Kingdom of Great Britain and Northern Ireland,57.9,-6.816666667
468,MACDUFF,맥더프항,GB,United Kingdom of Great Britain and Northern Ireland,57.66666667,-2.5
469,SEAHAM,시함항,GB,United Kingdom of Great Britain and Northern Ireland,54.83333333,-1.316666667
470,SUNDERLAND,선덜랜드항,GB,United Kingdom of Great Britain and Northern Ireland,54.91666667,-1.366666667
471,TYNEMOUTH,타인머스항,GB,United Kingdom of Great Britain and Northern Ireland,55,-1.4
472,BLYTH,블라이스항,GB,United Kingdom of Great Britain and Northern Ireland,55.11666667,-1.5
473,WARKWORTH HARBOUR,워크워스항,GB,United Kingdom of Great Britain and Northern Ireland,55.33333333,-1.583333333
474,BERWICK-UPON-TWEED,버윅어폰트위드항,GB,United Kingdom of Great Britain and Northern Ireland,55.76666667,-2
475,EYEMOUTH,아이머스항,GB,United Kingdom of Great Britain and Northern Ireland,55.86666667,-2.083333333
476,DUNBAR,던바항,GB,United Kingdom of Great Britain and Northern Ireland,56,-2.516666667
477,LEITH,리스항,GB,United Kingdom of Great Britain and Northern Ireland,55.98333333,-3.183333333
478,GRANTON,그랜턴항,GB,United Kingdom of Great Britain and Northern Ireland,55.98333333,-3.216666667
479,BRAEFOOT BAY TERMINAL,브레이풋베이 터미널항,GB,United Kingdom of Great Britain and Northern Ireland,56.03333333,-3.316666667
480,HOUND POINT TERMINAL,하운드 포인트 터미널항,GB,United Kingdom of Great Britain and Northern Ireland,56,-3.366666667
481,ROSYTH,로지스항,GB,United Kingdom of Great Britain and Northern Ireland,56.01666667,-3.433333333
482,GRANGEMOUTH,그레인지마우스항,GB,United Kingdom of Great Britain and Northern Ireland,56.01666667,-3.716666667
483,BURNTISLAND,번티스랜드항,GB,United Kingdom of Great Britain and Northern Ireland,56.05,-3.233333333
484,METHIL,메칠항,GB,United Kingdom of Great Britain and Northern Ireland,56.18333333,-3
485,DUNDEE,던디항,GB,United Kingdom of Great Britain and Northern Ireland,56.46666667,-2.95
486,PERTH,퍼스항,GB,United Kingdom of Great Britain and Northern Ireland,56.4,-3.45
487,MONTROSE,몬트로즈항,GB,United Kingdom of Great Britain and Northern Ireland,56.7,-2.466666667
488,ABERDEEN,애버딘항,GB,United Kingdom of Great Britain and Northern Ireland,57.15,-2.083333333
489,PETERHEAD,피터헤드항,GB,United Kingdom of Great Britain and Northern Ireland,57.5,-1.783333333
490,FRASERBURGH HARBOR,프레이저버러항,GB,United Kingdom of Great Britain and Northern Ireland,57.68333333,-2
491,TEESPORT,티스포트항,GB,United Kingdom of Great Britain and Northern Ireland,54.65,-1.133333333
492,HARTLEPOOL,하틀풀항,GB,United Kingdom of Great Britain and Northern Ireland,54.7,-1.183333333
493,DORDRECHT,도르드레흐트항,NL,Netherlands,51.81666667,4.65
494,VLISSINGEN,플리싱언항,NL,Netherlands,51.45,3.6
495,TERNEUZEN,터르노이젠항,NL,Netherlands,51.35,3.816666667
496,ANTWERPEN,앤트워프항,BE,Belgium,51.21666667,4.4
497,BRUXELLES,브뤼셀항,BE,Belgium,50.86666667,4.35
498,GHENT,헨트항,BE,Belgium,51.06666667,3.733333333
499,ZEEBRUGGE,제브뤼헤항,BE,Belgium,51.33333333,3.2
500,BRUGES,브뤼헤항,BE,Belgium,51.23333333,3.216666667
501,OOSTENDE,오스텐데항,BE,Belgium,51.23333333,2.916666667
502,NIEUWPOORT,니우포르트항,BE,Belgium,51.13333333,2.75
503,WONSAN,원산항,KP,Korea (Democratic People's Republic of),39.16666667,127.45
504,HUNGNAM,흥남항,KP,Korea (Democratic People's Republic of),39.83333333,127.6166667
505,CH'AHO,차호항,KP,Korea (Democratic People's Republic of),40.2,128.65
506,CH'ONGJIN,청진항,KP,Korea (Democratic People's Republic of),41.76666667,129.8166667
507,POS'YET,포시에트항,RU,Russia,42.65,130.8
508,VLADIVOSTOK,블라디보스토크항,RU,Russia,43.11666667,131.9
509,BUKHTA GAYDAMAK,가이다마크항,RU,Russia,42.86666667,132.6833333
510,NAKHODKA,나홋카항,RU,Russia,42.8,132.8833333
511,SOVETSKAYA GAVAN,소벳스카야가반항,RU,Russia,48.96666667,140.2833333
512,BUKHTA VANINO,바니노항,RU,Russia,49.08333333,140.2833333
513,DE KASTRI,데카스트리항,RU,Russia,51.46666667,140.7833333
514,NIKOLAYEVSK NA AMUR,니콜라예브스크나아무르항,RU,Russia,53.13333333,140.7333333
515,OKHA,오하항,RU,Russia,53.55,143
516,PORONAYSK,포로나이스크항,RU,Russia,49.21666667,143.1333333
517,KORSAKOV,코르사코프항,RU,Russia,46.61666667,142.7666667
518,NEVELSK,네벨스크항,RU,Russia,46.66666667,141.8666667
519,KHOLMSK,홀름스크항,RU,Russia,47.05,142.05
520,UGLEGORSK,우글레고르스크항,RU,Russia,49.08333333,142.0333333
521,LESOGORSK,레소고르스크항,RU,Russia,49.45,142.1333333
522,MASAN,마산항,KR,Republic of Korea,35.18333333,128.5666667
523,BUSAN,부산항,KR,Republic of Korea,35.1,129.0333333
524,ULSAN,울산항,KR,Republic of Korea,35.45,129.4
525,WENZHOU,원저우항,CN,China,28.01666667,120.65
526,ZHEN HAI,진하이항,CN,China,29.95,121.7
527,ZHOUSHAN,주산항,CN,China,30,122.1
528,JIANGYIN,장인항,CN,China,31.91666667,120.2333333
529,GAOGANG,가오강항,CN,China,32.28333333,119.85
530,YANGZHOU,양저우항,CN,China,32.26666667,119.4333333
531,ZHENJIANG,진장항,CN,China,32.21666667,119.4333333
532,NANJING,난징항,CN,China,32.08333333,118.75
533,WU HU,우후항,CN,China,31.33333333,118.3666667
534,ANKINGCHENG,안칭항,CN,China,30.51666667,117.0333333
535,HANKOW,한커우항,CN,China,30.58333333,114.2833333
536,WANXIAN,완시안항,CN,China,30.81666667,108.4333333
537,CHUNG CHING,충칭항,CN,China,29.56666667,106.6333333
538,LIANYUNGANG,연운항,CN,China,34.73333333,119.45
539,QINGDAO GANG,칭다오항,CN,China,36.03333333,120.2666667
540,DOUALA,두알라항,CM,Cameroon,4.05,9.683333333
541,KOLE OIL TERMINAL,콜 오일 터미널항,CM,Cameroon,4.25,8.55
542,BATA,바타항,GQ,Equatorial Guinea,1.866666667,9.766666667
543,LIBREVILLE,리브르빌항,GA,Gabon,0.383333333,9.45
544,PORT OWENDO,오웬도항,GA,Gabon,0.283333333,9.5
545,PORT GENTIL,장틸항,GA,Gabon,-0.7,8.8
546,CAP LOPEZ,카프로페스항,GA,Gabon,-0.633333333,8.716666667
547,OGUENDJO TERMINAL,오겐조 터미널항,GA,Gabon,-1.466666667,8.916666667
548,GAMBA OIL TERMINAL,감바 오일 터미널항,GA,Gabon,-2.833333333,10
549,POINTE NOIRE,푸앵트 누아르항,CG,Congo,-4.783333333,11.83333333
550,MALONGO OIL TERMINAL,말롱고 오일 터미널항,AO,Angola,-5.433333333,12.08333333
551,CABINDA,카빈다항,AO,Angola,-5.533333333,12.2
552,BANANA,바나나항,CD,Congo (the Democratic Republic of the),-5.983333333,12.38333333
553,BOMA,보마항,CD,Congo (the Democratic Republic of the),-5.85,13.05
554,PALANCA TERMINAL,팔란카 터미널항,AO,Angola,-6.95,12.4
555,PORTO DO AMBRIZ,암브리즈항,AO,Angola,-7.833333333,13.1
556,LUANDA,루안다항,AO,Angola,-8.8,13.25
557,LOBITO,로비토항,AO,Angola,-12.33333333,13.56666667
558,NAMIBE,나미베항,AO,Angola,-15.2,12.15
559,GEORGETOWN,조지타운항,SH,"Saint Helena, Ascension and Tristan da Cunha",-7.933333333,-14.41666667
560,BONNY,보니항,NG,Nigeria,4.45,7.166666667
561,BANJUL,반줄항,GM,Gambia,13.45,-16.56666667
562,RIO CACHEU,리우 카셰우항,GW,Guinea-Bissau,12.28333333,-16.23333333
563,BISSAU,비사우항,GW,Guinea-Bissau,11.86666667,-15.63333333
564,VICTORIA,빅토리아항,GN,Guinea,10.81666667,-14.56666667
565,KAMSAR,캄사르항,GN,Guinea,10.63333333,-14.61666667
566,CONAKRY,코나크리항,GN,Guinea,9.516666667,-13.71666667
567,BENTI,벤티항,GN,Guinea,9.166666667,-13.2
568,WEIHAI,위해항,CN,China,37.5,122.1
569,YANTAI,옌타이항,CN,China,37.55,121.45
570,LONGKOU GANG,롱커우항,CN,China,37.63333333,120.2833333
571,DAGU TANGGU,다구탕구항,CN,China,38.96666667,117.6666667
572,TIANJIN XIN GANG,톈진신강항,CN,China,38.96666667,117.8333333
573,HULUDAO GANG,후루다오항,CN,China,40.7,120.9833333
574,YINGKOU,잉커우항,CN,China,40.68333333,122.2333333
575,LUSHUN,뤼순항,CN,China,38.78333333,121.25
576,DALIAN,다렌항,CN,China,38.91666667,121.6666667
577,NAMPO,남포항,KP,Korea (Democratic People's Republic of),38.71666667,125.4
578,KYOMIP'O,교미포항,KP,Korea (Democratic People's Republic of),38.73333333,125.6166667
579,HAEJU HANG,해주항,KP,Korea (Democratic People's Republic of),38,125.7
580,INCHON,인천항,KR,Republic of Korea,37.46666667,126.6166667
581,KUNSAN,군산항,KR,Republic of Korea,35.98333333,126.6166667
582,MOKPO,목포항,KR,Republic of Korea,34.78333333,126.3833333
583,CHEJU HANG,제주항,KR,Republic of Korea,33.51666667,126.5333333
584,YOSU,여수항,KR,Republic of Korea,34.73333333,127.75
585,SURIGAO CITY,수리가오항,PH,Philippines,9.783333333,125.5
586,NASIPIT PORT,나시핏항,PH,Philippines,8.983333333,125.3333333
587,HINATUAN,히나투안항,PH,Philippines,8.366666667,126.3333333
588,MANGAGOY,망가고이항,PH,Philippines,8.233333333,126.3166667
589,MATI,마티항,PH,Philippines,6.95,126.2166667
590,DAVAO,다바오항,PH,Philippines,7.066666667,125.6166667
591,GENERAL SANTOS,제너럴산토스항,PH,Philippines,6.116666667,125.1833333
592,POLLOC (COTABATO),폴록항,PH,Philippines,7.35,124.2166667
593,PAGADIAN,파가디안항,PH,Philippines,7.833333333,123.4333333
594,MARGOSATUBIG,마르고사투빅항,PH,Philippines,7.583333333,123.1666667
595,SANTA CLARA,산타클라라항,PH,Philippines,7.783333333,122.6833333
596,ZAMBOANGA,잠보앙가항,PH,Philippines,6.9,122.0666667
597,JIMENEZ,지메네즈항,PH,Philippines,8.333333333,123.8666667
598,PORT OZAMIS,오자미스항,PH,Philippines,8.133333333,123.85
599,ILIGAN,일리간항,PH,Philippines,8.233333333,124.2333333
600,CAGAYAN DE ORO,카가얀데오로항,PH,Philippines,8.5,124.6666667
601,BUGO,부고항,PH,Philippines,8.516666667,124.75
602,VILLANUEVA,비야누에바항,PH,Philippines,8.583333333,124.7666667
603,BUTUAN CITY,부투안항,PH,Philippines,8.95,125.5333333
604,BASILIAN CITY (ISABELA),바실리안항,PH,Philippines,6.716666667,121.9666667
605,PORT HOLLAND,홀랜드항,PH,Philippines,6.55,121.8666667
606,JOLO,졸로항,PH,Philippines,6.05,121
607,SIASI,시아시항,PH,Philippines,5.55,120.8166667
608,FREETOWN,프리타운항,SL,Sierra Leone,8.5,-13.23333333
609,PEPEL,페펠항,SL,Sierra Leone,8.583333333,-13.05
610,BONTHE,본테항,SL,Sierra Leone,7.533333333,-12.5
611,PORTO GRANDE,그란지항,CV,Cabo Verde,16.88333333,-25
612,PORTO DA PRAIA,프라이아항,CV,Cabo Verde,14.91666667,-23.51666667
613,MONROVIA,몬로비아항,LR,Republic of Liberia,6.316666667,-10.81666667
614,BUCHANAN,뷰캐넌항,LR,Republic of Liberia,5.866666667,-10.06666667
615,GREENVILLE,그린빌항,LR,Republic of Liberia,4.983333333,-9.05
616,CAPE PALMAS,케이프팔마스항,LR,Republic of Liberia,4.366666667,-7.716666667
617,SAN PEDRO,생페드로항,CI,C?te d'Ivoire,4.733333333,-6.616666667
618,PORT BOUET,부에항,CI,C?te d'Ivoire,5.233333333,-3.966666667
619,ABIDJAN,아비장항,CI,C?te d'Ivoire,5.25,-4.016666667
620,TAKORADI,타코라디항,GH,Ghana,4.883333333,-1.733333333
621,SEKONDI,세콘디항,GH,Ghana,4.95,-1.7
622,SALTPOND,솔트폰드항,GH,Ghana,5.2,-1.05
623,TEMA,테마항,GH,Ghana,5.616666667,0.016666667
624,LOME,로메항,TG,Togo,6.133333333,1.283333333
625,KPEME,프메항,TG,Togo,6.2,1.516666667
626,COTONOU,코토누항,BJ,Benin,6.35,2.433333333
627,LAGOS,라고스항,NG,Nigeria,6.4,3.4
628,ESCRAVOS OIL TERMINAL,에스크라보스 오일 터미널항,NG,Nigeria,5.5,5
629,KOKO,코코항,NG,Nigeria,6,5.466666667
630,FORCADOS,포르카도스항,NG,Nigeria,5.366666667,5.433333333
631,BURUTU,부루투항,NG,Nigeria,5.35,5.5
632,BRASS OIL TERMINAL,브라스 오일 터미널항,NG,Nigeria,4.066666667,6.283333333
633,RUFISQUE,루피스크항,SN,Senegal,14.7,-17.28333333
634,KARABANE,카라바네항,SN,Senegal,12.56666667,-16.66666667
635,LA GOULETTE,라굴레트항,TN,Tunisia,36.8,10.3
636,TUNIS,튀니스항,TN,Tunisia,36.8,10.25
637,TAZERKA OIL TERMINAL,타제르카 오일 터미널항,TN,Tunisia,36.6,11.68333333
638,BANZART,반자르트항,TN,Tunisia,37.28333333,9.883333333
639,FUZHOU,푸저우항,CN,China,26.08333333,119.3
640,ORMOC,오르목항,PH,Philippines,11,124.6
641,PALOMPON,팔롬폰항,PH,Philippines,11.05,124.3833333
642,TAGBILARAN,타그빌라란항,PH,Philippines,9.65,123.85
643,TUBIGAN,투비간항,PH,Philippines,9.95,123.9666667
644,CEBU,세부항,PH,Philippines,10.3,123.9
645,TOLEDO,톨레도항,PH,Philippines,10.36666667,123.6333333
646,SAN CARLOS,산카를로스항,PH,Philippines,10.48333333,123.4166667
647,BAIS,바이스항,PH,Philippines,9.6,123.1166667
648,DUMAGUETE,두마게테항,PH,Philippines,9.316666667,123.3
649,LAZI,라지항,PH,Philippines,9.133333333,123.6333333
650,PULUPANDAN,풀루판단항,PH,Philippines,10.51666667,122.8
651,PORT CAPIZ,카피즈항,PH,Philippines,11.6,122.7166667
652,JORDAN,조던항,PH,Philippines,10.66666667,122.5833333
653,ILOILO,일로일로항,PH,Philippines,10.7,122.5833333
654,PUERTO PRINCESA,프린세사항,PH,Philippines,9.733333333,118.7333333
655,MAASIN,마아신항,PH,Philippines,10.13333333,124.8333333
656,BAYBAY,바이바이항,PH,Philippines,10.68333333,124.8
657,SORSOGON,소르소곤항,PH,Philippines,12.96666667,124
658,SANTA CRUZ (MARINDUQUE ISL),산타크루즈항(마린두케),PH,Philippines,13.5,122.0666667
659,BATANGAS CITY,바탕가스항,PH,Philippines,13.75,121.05
660,NASUGBU,나수그부항,PH,Philippines,14.08333333,120.6166667
661,MANILA,마닐라항,PH,Philippines,14.58333333,120.9666667
662,MARIVELES,마리벨레스항,PH,Philippines,14.43333333,120.4833333
663,MASINLOC,마신록항,PH,Philippines,15.55,119.95
664,SAN FERNANDO HARBOR,산페르난도항,PH,Philippines,16.61666667,120.3166667
665,CALAPAN,칼라판항,PH,Philippines,13.41666667,121.1833333
666,PORT ROMBLON,롬블론항,PH,Philippines,12.58333333,122.2666667
667,MASBATE,마스바테항,PH,Philippines,12.36666667,123.6166667
668,LAOANG,라오앙항,PH,Philippines,12.56666667,125.0166667
669,PORT BORONGAN,보롱안항,PH,Philippines,11.6,125.4333333
670,GUIUAN,기우안항,PH,Philippines,11.03333333,125.7166667
671,CATBALOGAN,캇발로간항,PH,Philippines,11.76666667,124.8833333
672,TACLOBAN,탁로반항,PH,Philippines,11.25,125
673,FANG-CHENG,팡청강항,CN,China,21.75,108.35
674,BEIHAI,베이하이항,CN,China,21.48333333,109.0666667
675,HAIKOU,하이커우항,CN,China,20.05,110.2833333
676,BASUO,바수오항,CN,China,19.1,108.6166667
677,ZHANJIANG,잔장항,CN,China,21.2,110.4
678,LON SHUI TERMINAL,론수이항,CN,China,20.83333333,115.6833333
679,MACAU,마카오항,MO,Macau,22.18333333,113.5666667
680,HUANGPUXINGANG,황푸신강항,CN,China,23.05,113.5
681,GUANGZHOU,광저우항,CN,China,23.11666667,113.2333333
682,ANNABA,안나바항,DZ,Algeria,36.91666667,7.766666667
683,SKIKDA,스키크다항,DZ,Algeria,36.88333333,6.916666667
684,COLLO,콜로항,DZ,Algeria,37,6.583333333
685,BEJAIA,베자이아항,DZ,Algeria,36.75,5.083333333
686,DELLYS,델리스항,DZ,Algeria,36.91666667,3.916666667
687,ALGER,알제항,DZ,Algeria,36.76666667,3.066666667
688,TENES,테네스항,DZ,Algeria,36.53333333,1.316666667
689,MOSTAGANEM,모스타가넴항,DZ,Algeria,35.93333333,0.083333333
690,ARZEW,아르제우항,DZ,Algeria,35.85,-0.3
691,ARZEW EL DJEDID,아르제우엘즈디드항,DZ,Algeria,35.81666667,-0.25
692,ORAN,오랑항,DZ,Algeria,35.7,-0.633333333
693,MERS EL KEBIR,메르스엘케비르항,DZ,Algeria,35.73333333,-0.7
694,BENI SAF,베니사프항,DZ,Algeria,35.3,-1.383333333
695,GHAZAOUET,가자우에트항,DZ,Algeria,35.1,-1.866666667
696,TANGER,탕헤르항,MA,Morocco,35.78333333,-5.816666667
697,PORT NADOR,나도르항,MA,Morocco,35.28333333,-2.933333333
698,KENITRA,케니트라항,MA,Morocco,34.3,-6.6
699,MOHAMMEDIA,모하메디아항,MA,Morocco,33.71666667,-7.4
700,CASABLANCA,카사블랑카항,MA,Morocco,33.6,-7.616666667
701,SAFI,사피항,MA,Morocco,32.3,-9.25
702,ESSAOUIRA,에사우이라항,MA,Morocco,31.5,-9.783333333
703,AD DAKHLA,아드다흘라항,EH,Western Sahara,23.7,-15.91666667
704,NOUADHIBOU,누아디부항,MR,Mauritania,20.91666667,-17.05
705,ST LOUIS,생루이항,SN,Senegal,16.01666667,-16.51666667
706,DAKAR,다카르항,SN,Senegal,14.68333333,-17.43333333
707,MERSA SFAX,메르사스팍스항,TN,Tunisia,34.73333333,10.76666667
708,MAHDIA,마디아항,TN,Tunisia,35.5,11.06666667
709,SOUSSE,수스항,TN,Tunisia,35.83333333,10.65
710,MERSIN,메르신항,TR,Turkey,36.8,34.63333333
711,BOTAS,보타스항,TR,Turkey,36.88333333,35.93333333
712,ISKENDERUN,이스켄데룬항,TR,Turkey,36.6,36.16666667
713,KYRENIA,키레니아항,CY,Cyprus,35.35,33.33333333
714,XEROS,제로스항,CY,Cyprus,35.13333333,32.83333333
715,LIMASSOL,리마솔항,CY,Cyprus,34.66666667,33.05
716,LARNACA,라르나카항,CY,Cyprus,34.91666667,33.65
717,DHEKELIA,데켈리아항,CY,Cyprus,34.96666667,33.71666667
718,FAMAGUSTA,파마구스타항,CY,Cyprus,35.11666667,33.93333333
719,TARTUS,타르투스항,SY,Syrian Arab Republic,34.9,35.86666667
720,BANIYAS,바니야스항,SY,Syrian Arab Republic,35.18333333,35.95
721,AL LADHIQIYAH,알라디키야항,SY,Syrian Arab Republic,35.53333333,35.76666667
722,HONG KONG,홍콩항,HK,Hong Kong,22.26666667,114.2
723,SHAN T OU,산터우항,CN,China,23.36666667,116.6833333
724,XIAMEN,시룽항,CN,China,24.45,118.0666667
725,CHI-LUNG,수아오항,TW,Taiwan,25.13333333,121.7666667
726,SU-AO,화롄항,TW,Taiwan,24.6,121.8666667
727,HUA-LIEN KANG,가오슝항,TW,Taiwan,23.98333333,121.6
728,KAO-HSIUNG,담수이항,TW,Taiwan,22.61666667,120.25
729,TAN-SHUI,펑후항,TW,Taiwan,25.18333333,121.4
730,PENG-HU KANG,타이중항,TW,Taiwan,23.58333333,119.5333333
731,TAI-CHUNG KANG,바스코항,TW,Taiwan,24.3,120.5
732,BASCO,클라베리아항,PH,Philippines,20.45,121.9666667
733,CLAVERIA,산비센테항,PH,Philippines,18.61666667,121.0833333
734,PORT SAN VICENTE,아파리항,PH,Philippines,18.51666667,122.1333333
735,APARRI,아파리항,PH,Philippines,18.36666667,121.6333333
736,HONDAGUA,혼다구아항,PH,Philippines,13.95,122.2333333
737,JOSE PANGANIBAN,호세 판가니반항,PH,Philippines,14.28333333,122.6833333
738,VIRAC,비락항,PH,Philippines,13.58333333,124.25
739,TABACO,타바코항,PH,Philippines,13.36666667,123.7333333
740,LEGAZPI PORT,레가스피항,PH,Philippines,13.15,123.75
741,CAM PHA,캄파항,VN,Viet Nam,21.03333333,107.3666667
742,TULAGHI,툴라기항,SB,Solomon Islands,-9.1,160.15
743,HONIARA,호니아라항,SB,Solomon Islands,-9.416666667,159.95
744,LUGANVILLE,루건빌항,VU,Vanuatu,-15.51666667,167.1666667
745,PORT VILA,빌라항,VU,Vanuatu,-17.73333333,168.3166667
746,FORARI BAY,포라이항,VU,Vanuatu,-17.68333333,168.55
747,BAIE DE KOUAOUA,쿠아우아항,NC,New Caledonia,-21.38333333,165.8166667
748,KUANTAN NEW PORT,쿠안탄항,MY,Malaysia,3.966666667,103.4333333
749,KIRTEH OIL TERMINAL,케르테 오일 터미널항,MY,Malaysia,4.566666667,103.4666667
750,KUALA TRENGGANU,쿠알라 트렝가누항,MY,Malaysia,5.35,103.1333333
751,TAPIS MARINE TERMINAL A,타피스 마린 터미널항,MY,Malaysia,5.516666667,105.0166667
752,BANGKOK,방콕항,TH,Thailand,13.75,100.5
753,SI RACHA TERMINAL,시라차 터미널항,TH,Thailand,13.11666667,100.8833333
754,KO SI CHANG TERMINAL,코시창 터미널항,TH,Thailand,13.16666667,100.8166667
755,KAMPONG SAOM,캄퐁사옴항,KH,Cambodia,10.63333333,103.5
756,PHSAR REAM,프사르리암항,KH,Cambodia,10.5,103.6
757,DUONG DONG,즈엉동항,VN,Viet Nam,10.21666667,103.9666667
758,THANH HO CHI MINH,호찌민항,VN,Viet Nam,10.76666667,106.7166667
759,TARABULUS,타라불루스항,LB,Lebanon,34.45,35.83333333
760,SAYDA,사이다항,LB,Lebanon,33.5,35.35
761,ASHDOD,아슈돌항,IL,Israel,31.81666667,34.65
762,MERSA TOBRUQ,토브룩항,LY,Libya,32.08333333,23.98333333
763,DARNAH,더르나항,LY,Libya,32.76666667,22.65
764,BANGHAZI,벵가지항,LY,Libya,32.11666667,20.05
765,EZ ZUEITINA,에즈주에이티나항,LY,Libya,30.85,20.05
766,AL BURAYQAH,알부라이카항,LY,Libya,30.41666667,19.6
767,RAS   LANUF,라스라누프항,LY,Libya,30.51666667,18.56666667
768,AS SIDR,아스시드르항,LY,Libya,30.63333333,18.36666667
769,MISRATAH,미스라타항,LY,Libya,32.36666667,15.21666667
770,MINA TARABULUS (TRIPOLI),트리폴리항,LY,Libya,32.9,13.18333333
771,AZ ZAWIYA,아즈자위야항,LY,Libya,32.8,12.71666667
772,MARSA SABRATAH,사브라타항,LY,Libya,32.81666667,12.5
773,HOUMT SOUK,홈트수크항,TN,Tunisia,33.88333333,10.85
774,GABES,가베스항,TN,Tunisia,33.9,10.11666667
775,SKHIRA,스키라항,TN,Tunisia,34.28333333,10.1
776,ANTALYA,안탈리아항,TR,Turkey,36.83333333,30.61666667
777,ALANYA,알란야항,TR,Turkey,36.53333333,32
778,TASUCU,타수주항,TR,Turkey,36.31666667,33.88333333
779,POTI,포티항,GE,Georgia,42.15,41.58333333
780,BATUMI,바투미항,GE,Georgia,41.65,41.65
781,HOPA,호파항,TR,Turkey,41.41666667,41.4
782,RIZE,리제항,TR,Turkey,41.06666667,40.51666667
783,TRABZON,트라브존항,TR,Turkey,41.01666667,39.76666667
784,GIRESUN,기레순항,TR,Turkey,40.93333333,38.4
785,ORDU,오르두항,TR,Turkey,41,37.88333333
786,SAMSUN,삼순항,TR,Turkey,41.3,36.35
787,SINOP,시놉항,TR,Turkey,42.05,35.16666667
788,INEBOLU,이네볼루항,TR,Turkey,41.98333333,33.76666667
789,ZONGULDAK,종굴닥항,TR,Turkey,41.46666667,31.81666667
790,EREGLI,에레글리항,TR,Turkey,41.3,31.45
791,HAYDARPASA,하이다르파사항,TR,Turkey,41,29.01666667
792,KABA BURNU,카바버르누항,TR,Turkey,40.76666667,29.53333333
793,DERINCE BURNU,데린제버르누항,TR,Turkey,40.75,29.81666667
794,IZMIT,이즈밋항,TR,Turkey,40.76666667,29.91666667
795,GOLCUK BURNU,골주크버르누항,TR,Turkey,40.73333333,29.81666667
796,MUDANYA,무단야항,TR,Turkey,40.38333333,28.88333333
797,BANDIRMA,반드르마항,TR,Turkey,40.35,27.96666667
798,ERDEK,에르덱항,TR,Turkey,40.38333333,27.8
799,KARABIGA,카라비가항,TR,Turkey,40.4,27.31666667
800,CANAKKALE,차낙칼레항,TR,Turkey,40.15,26.4
801,CORPACH,코르파치항,GB,United Kingdom of Great Britain and Northern Ireland,56.85,-5.116666667
802,OBAN,오반항,GB,United Kingdom of Great Britain and Northern Ireland,56.41666667,-5.466666667
803,PORT ELLEN,엘렌항,GB,United Kingdom of Great Britain and Northern Ireland,55.63333333,-6.2
804,CRINAN (CANAL),크리난항,GB,United Kingdom of Great Britain and Northern Ireland,56.08333333,-5.566666667
805,CAMPBELTOWN,캠벨타운항,GB,United Kingdom of Great Britain and Northern Ireland,55.43333333,-5.6
806,LAMLASH HARBOR,램래시항,GB,United Kingdom of Great Britain and Northern Ireland,55.53333333,-5.116666667
807,ARDRISHAIG,아드리셰이그항,GB,United Kingdom of Great Britain and Northern Ireland,56.01666667,-5.45
808,ROTHESAY HARBOR,로세이항,GB,United Kingdom of Great Britain and Northern Ireland,55.83333333,-5.05
809,GREENOCK,그리노크항,GB,United Kingdom of Great Britain and Northern Ireland,55.95,-4.75
810,FINNART OIL TERMINAL,피나트 오일 터미널항,GB,United Kingdom of Great Britain and Northern Ireland,56.11666667,-4.833333333
811,BOWLING,보울링항,GB,United Kingdom of Great Britain and Northern Ireland,55.93333333,-4.483333333
812,OLD KILPATRICK,올드킬패트릭항,GB,United Kingdom of Great Britain and Northern Ireland,55.91666667,-4.466666667
813,ROTHESAY DOCK,로세이항,GB,United Kingdom of Great Britain and Northern Ireland,55.9,-4.4
814,RENFREW,렌프루항,GB,United Kingdom of Great Britain and Northern Ireland,55.88333333,-4.383333333
815,GLASGOW,글래스고항,GB,United Kingdom of Great Britain and Northern Ireland,55.86666667,-4.283333333
816,LARGS,라르그스항,GB,United Kingdom of Great Britain and Northern Ireland,55.8,-4.866666667
817,HUNTERSTON,헌터스턴항,GB,United Kingdom of Great Britain and Northern Ireland,55.75,-4.883333333
818,MILLPORT,밀포트항,GB,United Kingdom of Great Britain and Northern Ireland,55.75,-4.916666667
819,ARDROSSAN,아들로산항,GB,United Kingdom of Great Britain and Northern Ireland,55.65,-4.816666667
820,TROON,트룬항,GB,United Kingdom of Great Britain and Northern Ireland,55.55,-4.683333333
821,AYR,에어항,GB,United Kingdom of Great Britain and Northern Ireland,55.46666667,-4.633333333
822,STRANRAER,스트란라이어항,GB,United Kingdom of Great Britain and Northern Ireland,54.9,-5.033333333
823,DOUGLAS,더글라스항,GB,United Kingdom of Great Britain and Northern Ireland,54.15,-4.466666667
824,RAMSEY,램지항,GB,United Kingdom of Great Britain and Northern Ireland,54.31666667,-4.366666667
825,ARDGLASS,아드글라스항,GB,United Kingdom of Great Britain and Northern Ireland,54.26666667,-5.616666667
826,MARUGAME KO,마루가메항,JP,Japan,34.3,133.7833333
827,UBE KO,우베항,JP,Japan,33.93333333,131.2333333
828,URAGA KO,우라가항,JP,Japan,35.23333333,139.7166667
829,TAGONOURA KO,타고노우라항,JP,Japan,35.13333333,138.7
830,SHIMODA KO,시모다항,JP,Japan,34.66666667,138.95
831,OMAEZAKI KO,오마에자키항,JP,Japan,34.6,138.2333333
832,SHIMIZU KO,시미즈항,JP,Japan,35.01666667,138.5
833,KINUURA KO,키누우라항,JP,Japan,34.85,136.95
834,GAMAGORI KO,가마고리항,JP,Japan,34.81666667,137.2166667
835,NAGOYA KO,나고야항,JP,Japan,35.06666667,136.8666667
836,YOKKAICHI,욧카이치항,JP,Japan,34.96666667,136.6333333
837,MATSUSAKA,마쓰사카항,JP,Japan,34.6,136.5666667
838,TOBA,토바항,JP,Japan,34.48333333,136.85
839,OWASE KO,오와세항,JP,Japan,34.06666667,136.2166667
840,TANABE KO,타나베항,JP,Japan,33.71666667,135.3666667
841,WAKAYAMA-SHIMOTSU KO,와카야마시모츠항,JP,Japan,34.2,135.1333333
842,SAKAI-SENBOKU,사카이센보쿠항,JP,Japan,34.55,135.4333333
843,AMAGASAKI,아마가사키항,JP,Japan,34.7,135.3833333
844,KOBE,고베항,JP,Japan,34.65,135.1833333
845,HIMEJI,히메지항,JP,Japan,34.75,134.6333333
846,AIOI,아이오이항,JP,Japan,34.78333333,134.4666667
847,KAKOGAWA,카코가와항,JP,Japan,34.7,134.8333333
848,UNO KO,우노항,JP,Japan,34.48333333,133.95
849,HIBI KO,히비항,JP,Japan,34.45,133.9333333
850,MIZUSHIMA KO,미즈시마항,JP,Japan,34.5,133.75
851,ONOMICHI-ITOZAKI,오노미치-이토자키항,JP,Japan,34.38333333,133.1666667
852,KURE,구레항,JP,Japan,34.23333333,132.55
853,KANOKAWA KO,가노카와항,JP,Japan,34.18333333,132.4333333
854,IWAKUNI KO,이와쿠니항,JP,Japan,34.18333333,132.25
855,KUDAMATSU,쿠다마쓰항,JP,Japan,34,131.8666667
856,TOKUYAMA,도쿠야마항,JP,Japan,34.03333333,131.8166667
857,YOKOSUKA KO,요코스카항,JP,Japan,35.28333333,139.6666667
858,ALEKSANDROVSK -SAKHALINSKIY,알렉산드로프스크-사할린스키항,RU,Russia,50.9,142.1333333
859,LAZAREV,라자레프항,RU,Russia,52.21666667,141.5166667
860,MOSKAL VO,모스칼보항,RU,Russia,53.58333333,142.5
861,MAINTIRANO,만티라노항,MG,Madagascar,-18.06666667,44.01666667
862,FARADOFAY,파라도파이항,MG,Madagascar,-25.03333333,47
863,MANAKARA,마나카라항,MG,Madagascar,-22.11666667,48.05
864,MAROANTSETRA,마루안세트라항,MG,Madagascar,-15.45,49.81666667
865,IHARANA,이하라나항,MG,Madagascar,-13.35,50
866,PORT EST,에스트항,RE,Reunion?,-20.93333333,55.31666667
867,SAINT-PIERRE,생피에르항,RE,Reunion?,-21.35,55.46666667
868,DIEGO GARCIA,디에고가르시아항,IO,British Indian Ocean Territory,-7.35,72.46666667
869,BERBERA,베르베라항,SO,Somalia,10.45,45.01666667
870,DJIBOUTI,지부티항,DJ,-,11.6,43.13333333
871,ASSAB,아사브항,ER,Eritrea,13,42.75
872,MITSIWA HARBOR,미치와항,ER,Eritrea,15.61666667,39.46666667
873,PORT SUDAN,수단항,SD,Sudan,19.6,37.23333333
874,AL QUSAYR,알 쿠사이르항,EG,Egypt,26.1,34.28333333
875,BUR SAFAGA,부르 사파가항,EG,Egypt,26.73333333,33.95
876,ZEIT BAY TERMINAL,자이트베이 터미널항,EG,Egypt,27.83333333,33.6
877,EL GHARDAQA,엘 가르다카항,EG,Egypt,27.21666667,33.85
878,RAS SHUKHIER,라스 슈키에르항,EG,Egypt,28.13333333,33.28333333
879,RAS GHARIB,라스 가리브항,EG,Egypt,28.35,33.1
880,AS SUWAYS,수에즈항,EG,Egypt,29.96666667,32.55
881,EL-ADABIYA,엘 아다비야항,EG,Egypt,29.86666667,32.46666667
882,EL ISMAILIYA,엘 이스마일리야항,EG,Egypt,30.58333333,32.28333333
883,RAS ABU ZANIMAH,라스 아부 자니마항,EG,Egypt,29.03333333,33.11666667
884,WADI FEIRAN,와디 페이란항,EG,Egypt,28.75,33.2
885,ELAT,에일라트항,IL,Israel,29.55,34.95
886,AL AQABAH,아카바항,JO,Jordan,29.51666667,35
887,YANBU,얀부항,SA,Saudi Arabia,24.08333333,38.05
888,JIDDAH,제다항,SA,Saudi Arabia,21.48333333,39.18333333
889,JIZAN,지잔항,SA,Saudi Arabia,16.9,42.48333333
890,SIMONSTOWN,사이먼스타운항,ZA,South Africa,-34.18333333,18.43333333
891,MOSSEL BAY,모셀항,ZA,South Africa,-34.18333333,22.15
892,PORT ELIZABETH,엘리자베스항,ZA,South Africa,-33.96666667,25.61666667
893,BELFAST,벨파스트항,GB,United Kingdom of Great Britain and Northern Ireland,54.61666667,-5.9
894,LARNE,라른항,GB,United Kingdom of Great Britain and Northern Ireland,54.85,-5.8
895,COLERAINE,콜레레인항,GB,United Kingdom of Great Britain and Northern Ireland,55.13333333,-6.666666667
896,LONDONDERRY,런던데리항,GB,United Kingdom of Great Britain and Northern Ireland,55,-7.316666667
897,ORNSAY,오르네이항,GB,United Kingdom of Great Britain and Northern Ireland,57.15,-5.8
898,BUCKIE HARBOR,버키항,GB,United Kingdom of Great Britain and Northern Ireland,57.68333333,-2.966666667
899,LOSSIEMOUTH,로시마우스항,GB,United Kingdom of Great Britain and Northern Ireland,57.71666667,-3.283333333
900,BURGHEAD,버그헤드항,GB,United Kingdom of Great Britain and Northern Ireland,57.7,-3.5
901,INVERNESS,인버네스항,GB,United Kingdom of Great Britain and Northern Ireland,57.48333333,-4.233333333
902,CROMARTY,크로머티항,GB,United Kingdom of Great Britain and Northern Ireland,57.68333333,-4.033333333
903,INVERGORDON,인버고든항,GB,United Kingdom of Great Britain and Northern Ireland,57.68333333,-4.166666667
904,PORTMAHOMACK HARBOR,마호맥항,GB,United Kingdom of Great Britain and Northern Ireland,57.83333333,-3.833333333
905,HELMSDALE HARBOR,헬름스데일항,GB,United Kingdom of Great Britain and Northern Ireland,58.11666667,-3.65
906,WICK,윅항,GB,United Kingdom of Great Britain and Northern Ireland,58.43333333,-3.083333333
907,PIEROWALL,피어오월항,GB,United Kingdom of Great Britain and Northern Ireland,59.3,-2.983333333
908,KETTLETOFT,케틀토프트항,GB,United Kingdom of Great Britain and Northern Ireland,59.23333333,-2.6
909,WHITEHALL,화이트홀항,GB,United Kingdom of Great Britain and Northern Ireland,59.13333333,-2.6
910,KIRKWALL,커크월항,GB,United Kingdom of Great Britain and Northern Ireland,58.98333333,-2.966666667
911,STROMNESS,스트롬니스항,GB,United Kingdom of Great Britain and Northern Ireland,58.96666667,-3.3
912,SOUTH NESS,사우스네스항,GB,United Kingdom of Great Britain and Northern Ireland,58.8,-3.2
913,ST MARGARETS HOPE,마가렛스호프항,GB,United Kingdom of Great Britain and Northern Ireland,58.83333333,-2.95
914,LYNESS,라이니스항,GB,United Kingdom of Great Britain and Northern Ireland,58.83333333,-3.2
915,SCAPA BAY,스카파항,GB,United Kingdom of Great Britain and Northern Ireland,58.95,-2.983333333
916,SCALLOWAY,스카로웨이항,GB,United Kingdom of Great Britain and Northern Ireland,60.13333333,-1.283333333
917,LERWICK,러윅항,GB,United Kingdom of Great Britain and Northern Ireland,60.15,-1.15
918,SULLOM VOE,설럼보에항,GB,United Kingdom of Great Britain and Northern Ireland,60.46666667,-1.3
919,TVOROYRI,트보로이리항,FO,Faroe Islands,61.55,-6.8
920,TORSHAVN,토르스하운항,FO,Faroe Islands,62,-6.75
921,KONGSHAVN,콩스하운항,FO,Faroe Islands,62.11666667,-6.733333333
922,VESTMANNA,베스트마나항,FO,Faroe Islands,62.15,-7.166666667
923,SORVAGUR,소르바구르항,FO,Faroe Islands,62.08333333,-7.25
924,FUGLAFJORDUR,푸글라피요르뒤르항,FO,Faroe Islands,62.25,-6.8
925,KLAKSVIK,클락스비크항,FO,Faroe Islands,62.23333333,-6.583333333
926,SCRABSTER HARBOR,스크래브스터항,GB,United Kingdom of Great Britain and Northern Ireland,58.61666667,-3.55
927,ULLAPOOL,울라풀항,GB,United Kingdom of Great Britain and Northern Ireland,57.9,-5.15
928,AULTBEA,얼트비아항,GB,United Kingdom of Great Britain and Northern Ireland,57.83333333,-5.583333333
929,GAIRLOCH,게얼록항,GB,United Kingdom of Great Britain and Northern Ireland,57.71666667,-5.683333333
930,PLOCKTON,플록턴항,GB,United Kingdom of Great Britain and Northern Ireland,57.33333333,-5.65
931,KYLE OF LOCHALSH,카일오브로칼시항,GB,United Kingdom of Great Britain and Northern Ireland,57.28333333,-5.716666667
932,KYLEAKIN,카일아킨항,GB,United Kingdom of Great Britain and Northern Ireland,57.26666667,-5.733333333
933,BROADFORD BAY,브로드포드항,GB,United Kingdom of Great Britain and Northern Ireland,57.25,-5.883333333
934,PORTREE HARBOR,포리항,GB,United Kingdom of Great Britain and Northern Ireland,57.41666667,-6.2
935,PUERTO MIRANDA,미란다항,VE,Venezuela (Bolivarian Republic of),10.76666667,-71.56666667
936,LA SALINA,라살리나항,VE,Venezuela (Bolivarian Republic of),10.36666667,-71.46666667
937,HIROSHIMA,히로시마항,JP,Japan,34.35,132.4666667
938,PUERTO BOLIVAR,볼리바르항,CO,Colombia,12.25,-71.96666667
939,POZOS COLORADOS,포소스콜로라도스항,CO,Colombia,11.15,-74.25
940,BARRANQUILLA,바라낄라항,CO,Colombia,10.96666667,-74.76666667
941,BAHIA DE LAS MINAS,바히아데라스미나스항,PA,Panama,9.4,-79.81666667
942,PUERTO CRISTOBAL,크리스토발항,PA,Panama,9.35,-79.91666667
943,PUERTO MOIN,모인항,CR,Costa Rica,10,-83.08333333
944,BLUEFIELDS,블루필즈항,NI,Nicaragua,12.01666667,-83.75
945,TANGIER-MEDITERRANEAN,탕헤르항,MA,Morocco,35.9,-5.516666667
946,PUERTO ESTE,에스테항,HN,Honduras,16.08333333,-86.9
947,NEUM,노움항,BA,Bosnia and Herzegovina,42.91666667,17.6
948,BELIZE CITY,벨리즈시티항,BZ,Belize,17.5,-88.18333333
949,CAMPECHE,캄페체항,MX,Mexico,19.85,-90.55
950,FRONTERA,프론테라항,MX,Mexico,18.53333333,-92.65
951,NANCHITAL,난치탈항,MX,Mexico,18.06666667,-94.41666667
952,MAGDALLA,마그달라항,IN,India,21.15,72.75
953,HAZIRA,하지라항,IN,India,21.08333333,72.63333333
954,BEPPU,벳푸항,JP,Japan,33.31666667,131.5166667
955,KOKURA KO,고쿠라항,JP,Japan,33.88333333,130.8833333
956,SHIMONOSEKI,시모노세키항,JP,Japan,33.93333333,130.9333333
957,RATNAGIRI,라트나기리항,IN,India,16.98333333,73.28333333
958,TRIVANDRUM,트리반드럼항,IN,India,8.483333333,76.95
959,SHIMMINATO,시미나토항,JP,Japan,36.76666667,137.1166667
960,GUAYAQUIL,과야킬항,EC,Ecuador,-2.2,-79.88333333
961,MONTOIR,몽투아항,FR,France,47.3,-2.133333333
962,POINT SAN PABLO,산파블로항,US,United States of America,37.96666667,-122.4333333
963,SAUSALITO,사우살리토항,US,United States of America,37.85,-122.4833333
964,PINOLE POINT,피놀항,US,United States of America,38.01666667,-122.3666667
965,OLEUM,오리엄항,US,United States of America,38.05,-122.2666667
966,MARE ISLAND,마레아일랜드항,US,United States of America,38.1,-122.2666667
967,SOUTH VALLEJO,사우스밸레호항,US,United States of America,38.08333333,-122.25
968,CROCKETT,크로켓항,US,United States of America,38.05,-122.2166667
969,PORT COSTA,코스타항,US,United States of America,38.05,-122.1833333
970,BENICIA,베니시아항,US,United States of America,38.05,-122.15
971,MARTINEZ,마르티네즈항,US,United States of America,38.03333333,-122.1333333
972,PITTSBURG,피츠버그항,US,United States of America,38.03333333,-121.8833333
973,ANTIOCH,안티오크항,US,United States of America,38.01666667,-121.8
974,STOCKTON,스톡턴항,US,United States of America,37.95,-121.3
975,RIO VISTA,리오비스타항,US,United States of America,38.15,-121.7
976,ISLETON,아일턴항,US,United States of America,38.16666667,-121.6
977,WALNUT GROVE,월넛그로브항,US,United States of America,38.23333333,-121.5166667
978,COURTLAND,코트랜드항,US,United States of America,38.33333333,-121.5666667
979,SACRAMENTO,새크라멘토항,US,United States of America,38.58333333,-121.5
980,BODEGA BAY,보데가항,US,United States of America,38.33333333,-123.05
981,FORT BRAGG,포트브래그항,US,United States of America,39.45,-123.8166667
982,FIELDS LANDING,필즈랜딩항,US,United States of America,40.71666667,-124.2166667
983,EUREKA,유레카항,US,United States of America,40.8,-124.1833333
984,SAMOA,사모아항,US,United States of America,40.81666667,-124.1833333
985,CRESCENT CITY,크레센트시티항,US,United States of America,41.75,-124.2
986,PORT ORFORD,오포드항,US,United States of America,42.73333333,-124.5
987,BANDON,밴던항,US,United States of America,43.11666667,-124.4166667
988,PROSPER,프로스퍼항,US,United States of America,43.15,-124.3666667
989,EMPIRE,엠파이어항,US,United States of America,43.4,-124.2833333
990,NORTH BEND,노스벤트항,US,United States of America,43.4,-124.2166667
991,COOS BAY,쿠스항,US,United States of America,43.36666667,-124.2166667
992,WINCHESTER BAY,윈체스터항,US,United States of America,43.68333333,-124.1833333
993,GARDINER,가디너항,US,United States of America,43.71666667,-124.1
994,REEDSPORT,리즈포트항,US,United States of America,43.7,-124.1
995,FLORENCE,플로렌스항,US,United States of America,43.96666667,-124.1166667
996,GLENADA,글레나다항,US,United States of America,43.96666667,-124.1166667
997,CUSHMAN,커시먼항,US,United States of America,43.98333333,-124.0666667
998,WALDPORT,발드포트항,US,United States of America,44.43333333,-124.0666667
999,NEWPORT,뉴포트항,US,United States of America,44.63333333,-124.05
1000,TOLEDO,톨레도항,US,United States of America,44.61666667,-123.9333333
1001,DEPOE BAY,드포에베이항,US,United States of America,44.8,-124.0666667
1002,ILWACO,일웨이코항,US,United States of America,46.3,-124.05
1003,PRINCETOWN,프린스턴항,US,United States of America,37.5,-122.4833333
1004,PUERTO VALLARTA,바야르타항,MX,Mexico,20.61666667,-105.2666667
1005,MAZATLAN,마사틀란항,MX,Mexico,23.2,-106.4166667
1006,TOPOLOBAMPO,토폴로밤포항,MX,Mexico,25.6,-109.0666667
1007,GUAYMAS,과이마스항,MX,Mexico,27.91666667,-110.9166667
1008,SANTA ROSALIA,산타로잘리아항,MX,Mexico,27.33333333,-112.2833333
1009,MONHEGAN,몬히건항,US,United States of America,43.76666667,-69.31666667
1010,PORT CLYDE,클라이드항,US,United States of America,43.91666667,-69.25
1011,THOMASTON,토마스턴항,US,United States of America,44.06666667,-69.18333333
1012,FRIENDSHIP,프렌드십항,US,United States of America,43.96666667,-69.33333333
1013,NEW HARBOR,뉴항,US,United States of America,43.86666667,-69.48333333
1014,PEMAQUID BEACH,페마퀴드비치항,US,United States of America,43.86666667,-69.53333333
1015,SOUTH BRISTOL,사우스브리스톨항,US,United States of America,43.86666667,-69.55
1016,BOOTHBAY HARBOR,부스베이항,US,United States of America,43.86666667,-69.58333333
1017,ROBINHOOD,로빈후드항,US,United States of America,43.85,-69.73333333
1018,BATH,배스항,US,United States of America,43.91666667,-69.81666667
1019,GARDINER,가디너항,US,United States of America,44.23333333,-69.76666667
1020,AUGUSTA,어거스타항,US,United States of America,44.31666667,-69.76666667
1021,CUNDY HARBOR,컨디항,US,United States of America,43.78333333,-69.9
1022,SOUTH HARPSWELL,사우스 하프스웰항,US,United States of America,43.73333333,-70.01666667
1023,PORTLAND,포틀랜드항,US,United States of America,43.66666667,-70.25
1024,SACO,세이코항,US,United States of America,43.5,-70.45
1025,KENNEBUNKPORT,케네벙크항,US,United States of America,43.36666667,-70.46666667
1026,PORTSMOUTH,포츠머스항,US,United States of America,43.08333333,-70.75
1027,COREA,코리아항,US,United States of America,44.4,-67.96666667
1028,GOLDSBORO,골즈버로항,CA,Canada,45.18333333,-61.65
1029,STORMONT,스톰몬트항,CA,Canada,45.21666667,-61.71666667
1030,SONORA,소노라항,CA,Canada,45.06666667,-61.91666667
1031,MUSQUODOBOIT HARBOUR,무스쿠도보이트항,CA,Canada,44.78333333,-63.15
1032,HALIFAX,핼리팩스항,CA,Canada,44.65,-63.58333333
1033,SAMBRO,샘브로항,CA,Canada,44.46666667,-63.6
1034,LUNENBURG,루넨버그항,CA,Canada,44.38333333,-64.31666667
1035,LOCKEPORT,로크항,CA,Canada,43.7,-65.11666667
1036,GLADSTONE,글래드스톤항,US,United States of America,45.85,-87.01666667
1037,DIGBY,디그비항,CA,Canada,44.61666667,-65.76666667
1038,ANNAPOLIS ROYAL,애너폴리스 로열항,CA,Canada,44.75,-65.51666667
1039,WINDSOR,윈저항,CA,Canada,45,-64.15
1040,ST JOHN,세인트존항,CA,Canada,45.26666667,-66.05
1041,PORT BAYSIDE NB,베이사이드항,CA,Canada,45.15,-67.13333333
1042,EASTPORT,이스트포트항,US,United States of America,44.9,-66.98333333
1043,LUBEC,루벡항,US,United States of America,44.86666667,-66.98333333
1044,MACHIASPORT,마치아스항,US,United States of America,44.7,-67.4
1045,MACHIAS,마치아스항,US,United States of America,44.71666667,-67.46666667
1046,JONESPORT,존스항,US,United States of America,44.53333333,-67.61666667
1047,WYMAN,와이먼항,US,United States of America,44.51666667,-67.86666667
1048,MILBRIDGE,밀브리지항,US,United States of America,44.53333333,-67.88333333
1049,CANSO,칸소항,CA,Canada,45.33333333,-61
1050,PORT WING,윙항,US,United States of America,46.78333333,-91.38333333
1051,KERTEMINDE,케르테민데항,DK,Danmark,55.45,10.66666667
1052,CUETA,쿠에타항,ES,Spain,35.9,-5.316666667
1053,INKOO,잉코항,FI,Finland,60.01666667,23.91666667
1054,TOLKKINEN,톨키넨항,FI,Finland,60.03333333,25.58333333
1055,RAHJA,라하항,FI,Finland,64.2,23.73333333
1056,PORT D AL HOCEIMA,알호세이마항,MA,Morocco,35.25,-3.916666667
1057,RABIGH,라빅항,SA,Saudi Arabia,22.73333333,38.98333333
1058,BROFJORDEN,브로피오르덴항,SE,Sweden,58.38333333,11.41666667
1059,STENUNGSUND,스테눈스운드항,SE,Sweden,58.06666667,11.83333333
1060,MUUGA-PORT OF TALLIN,무가항,EE,Estonia,59.5,24.95
1061,FAGERSTRAND,파게르스트란드항,NO,Norway,59.73333333,10.6
1062,GWADAR,과다르항,PK,Pakistan,25.13333333,62.3
1063,NEW MANGALORE,뉴망갈로르항,IN,India,12.91666667,74.81666667
1064,PETCHBURI TERMINAL,펫부리터미널항,TH,Thailand,13.16666667,100.15
1065,RAYONG TPI TERMINAL,라용 TPI 터미널항,TH,Thailand,12.63333333,101.3
1066,SIAM SEAPORT,시암씨포트항,TH,Thailand,13.13333333,100.8833333
1067,LUMUT,루무트항,MY,Malaysia,4.233333333,100.6333333
1068,TAWA,타와항,MY,Malaysia,4.25,117.8833333
1069,TELUK ANSON,툴룩안손항,MY,Malaysia,4.016666667,101.0166667
1070,KAMARAJAR PORT,카마라자르항,IN,India,13.26666667,80.31666667
1071,LUMUT,루무트항,BN,Brunei Darussalam,4.716666667,114.45
1072,SIKKA,시카항,IN,India,22.43333333,69.83333333
1073,MUNDRA,문드라항,IN,India,22.73333333,69.7
1074,DAHEJ,다헤즈항,IN,India,21.7,72.53333333
1075,JABUNG BATANGHARI MARINE TERMINAL,자붕 바탕하리 해양터미널항,ID,Indonesia,-0.916666667,104.0666667
1076,KUALA KAPUS,쿠알라카퍼스항,ID,Indonesia,3,114.3666667
1077,LALANG MARINE TERMINAL,랄랑 해양터미널항,ID,Indonesia,1.183333333,102.2166667
1078,PAREPARE,파레파레항,ID,Indonesia,-4,119.6166667
1079,BELANAK FIELD TERMINAL,벨라낙 필드 터미널항,ID,Indonesia,4.15,106.25
1080,BELIDA MARINE TERMINAL,벨리다 해양터미널항,ID,Indonesia,4.133333333,105.1333333
1081,TANJUNG BENETE,탄중 버네테항,ID,Indonesia,-8.9,116.75
1082,CELUKAN BAWANG,첼루칸 바왕항,ID,Indonesia,-8.183333333,114.8333333
1083,ZAFARANA TERMINAL,자파라나 터미널항,EG,Egypt,29.16666667,32.68333333
1084,ZEIT BAY LPG TERMINAL,제잇베이 LPG 터미널항,EG,Egypt,27.8,33.56666667
1085,WHITSTABLE,휘트스테이블항,GB,United Kingdom of Great Britain and Northern Ireland,51.36666667,1.033333333
1086,SHEERNESS,쉐어니스항,GB,United Kingdom of Great Britain and Northern Ireland,51.45,0.75
1087,THAMESPORT,템스포트항,GB,United Kingdom of Great Britain and Northern Ireland,51.43333333,0.7
1088,CHATHAM DOCKS,채덤 독스항,GB,United Kingdom of Great Britain and Northern Ireland,51.4,0.55
1089,GRAVESEND,그레이브센드항,GB,United Kingdom of Great Britain and Northern Ireland,51.45,0.366666667
1090,LONDON,런던항,GB,United Kingdom of Great Britain and Northern Ireland,51.5,-0.083333333
1091,COLCHESTER,콜체스터항,GB,United Kingdom of Great Britain and Northern Ireland,51.88333333,0.916666667
1092,HARWICH,하위치항,GB,United Kingdom of Great Britain and Northern Ireland,51.95,1.283333333
1093,IPSWICH,입스위치항,GB,United Kingdom of Great Britain and Northern Ireland,52.05,1.166666667
1094,LOWESTOFT,로웨스토프트항,GB,United Kingdom of Great Britain and Northern Ireland,52.48333333,1.75
1095,GREAT YARMOUTH,그레이트야머스항,GB,United Kingdom of Great Britain and Northern Ireland,52.61666667,1.733333333
1096,KING'S LYNN,킹스린항,GB,United Kingdom of Great Britain and Northern Ireland,52.75,0.4
1097,BOSTON,보스턴항,GB,United Kingdom of Great Britain and Northern Ireland,52.96666667,-0.016666667
1098,GRIMSBY,그림스비항,GB,United Kingdom of Great Britain and Northern Ireland,53.58333333,-0.066666667
1099,IMMINGHAM,이밍험항,GB,United Kingdom of Great Britain and Northern Ireland,53.63333333,-0.2
1100,KINGSTON UPON HULL,킹스턴어폰헐항,GB,United Kingdom of Great Britain and Northern Ireland,53.75,-0.283333333
1101,GOOLE,굴항,GB,United Kingdom of Great Britain and Northern Ireland,53.7,-0.833333333
1102,BRIDLINGTON,브리들링턴항,GB,United Kingdom of Great Britain and Northern Ireland,54.08333333,-0.183333333
1103,SCARBOROUGH,스카버러항,GB,United Kingdom of Great Britain and Northern Ireland,54.28333333,-0.4
1104,WHITBY,휘트비항,GB,United Kingdom of Great Britain and Northern Ireland,54.48333333,-0.616666667
1105,ROTTERDAM,로테르담항,NL,Netherlands,51.9,4.483333333
1106,RINGKOBING,링코빙항,DK,Danmark,56.08333333,8.25
1107,ESBJERG,에스비에르그항,DK,Danmark,55.46666667,8.45
1108,HUSUM,후숨항,DE,Germany,54.48333333,9.05
1109,BRUNSBUTTEL ELBAHAFEN,브룬스뷔텔항,DE,Germany,53.88333333,9.166666667
1110,BRUNSBUTTEL CANAL TERMINALS,브룬스뷔텔 운하터미널항,DE,Germany,53.9,9.15
1111,RENDSBURG,렌즈부르크항,DE,Germany,54.3,9.683333333
1112,GLUCKSTADT,글뤽슈타트항,DE,Germany,53.78333333,9.416666667
1113,HAMBURG,함부르크항,DE,Germany,53.55,9.933333333
1114,CUXHAVEN,쿠스하펜항,DE,Germany,53.86666667,8.716666667
1115,BREMERHAVEN,브레머하펜항,DE,Germany,53.53333333,8.583333333
1116,NORDENHAM,노르덴함항,DE,Germany,53.48333333,8.483333333
1117,BRAKE,브라케항,DE,Germany,53.33333333,8.483333333
1118,ELSFLETH,엘스플레트항,DE,Germany,53.23333333,8.466666667
1119,OLDENBURG,올덴부르크항,DE,Germany,53.11666667,8.216666667
1120,BREMEN,브레멘항,DE,Germany,53.13333333,8.766666667
1121,WILHELMSHAVEN,빌헬름스하펜항,DE,Germany,53.53333333,8.166666667
1122,EMDEN,엠덴항,DE,Germany,53.33333333,7.183333333
1123,LEER,레어항,DE,Germany,53.23333333,7.45
1124,PAPENBURG,파펜부르크항,DE,Germany,53.1,7.383333333
1125,DELFZIJL,델프지일항,NL,Netherlands,53.33333333,6.933333333
1126,HARLINGEN,하를링언항,NL,Netherlands,53.18333333,5.416666667
1127,DEN HELDER,덴헬더항,NL,Netherlands,52.96666667,4.783333333
1128,ISLA SAN MARCOS,이슬라 산 마르코스항,MX,Mexico,27.18333333,-112.1
1129,SAN JUAN DE LA COSTA,산후안 데 라 코스타항,MX,Mexico,24.4,-110.7
1130,LA PAZ,라파스항,MX,Mexico,24.16666667,-110.3166667
1131,ENSENADA,엔세나다항,MX,Mexico,31.86666667,-116.6333333
1132,ROSARITO,로사리토항,MX,Mexico,32.36666667,-117.1
1133,SAN DIEGO,샌디에이고항,US,United States of America,32.71666667,-117.1833333
1134,WILSON COVE,윌슨코브항,US,United States of America,33,-118.55
1135,ISTHMUS COVE,이스머스코브항,US,United States of America,33.45,-118.5
1136,AVALON,아발론항,US,United States of America,33.35,-118.3166667
1137,NEWPORT BEACH,뉴포트비치항,US,United States of America,33.61666667,-117.9
1138,LONG BEACH,롱비치항,US,United States of America,33.76666667,-118.1833333
1139,LOS ANGELES,로스앤젤레스항,US,United States of America,33.75,-118.25
1140,EL SEGUNDO,엘세군도항,US,United States of America,33.91666667,-118.4333333
1141,PORT HUENEME,후에네항,US,United States of America,34.15,-119.2
1142,PRISONERS,프리저너스항,US,United States of America,34.01666667,-119.6833333
1143,VENTURA,벤츄라항,US,United States of America,34.28333333,-119.2833333
1144,CARPINTERIA,카린테리아항,US,United States of America,34.38333333,-119.5166667
1145,SANTA BARBARA,산타바버라항,US,United States of America,34.41666667,-119.6833333
1146,ELLWOOD,엘우드항,US,United States of America,34.43333333,-119.9166667
1147,GAVIOTA,가비오타항,US,United States of America,34.46666667,-120.2
1148,PISMO BEACH,피스모비치항,US,United States of America,35.13333333,-120.65
1149,PORT SAN LUIS,산루이스항,US,United States of America,35.16666667,-120.75
1150,MORRO BAY,모로베이항,US,United States of America,35.36666667,-120.85
1151,MONTEREY,몬터레이항,US,United States of America,36.61666667,-121.8833333
1152,MOSS LANDING,모스랜딩항,US,United States of America,36.8,-121.7833333
1153,SANTA CRUZ,산타크루즈항,US,United States of America,36.96666667,-122.0166667
1154,DAVENPORT,데이븐포트항,US,United States of America,37.01666667,-122.2
1155,ACAPULCO,아카풀코항,MX,Mexico,16.85,-99.93333333
1156,LAZARO CARDENAS,라자로카르데나스항,MX,Mexico,17.93333333,-102.1666667
1157,MANZANILLO,만사니요항,MX,Mexico,19.05,-104.3166667
1158,CALETA LOBITOS,칼레타로비토스항,PE,Peru,-4.45,-81.28333333
1159,PUERTO CABO BLANCO,카보블랑코항,PE,Peru,-4.25,-81.23333333
1160,PUERTO BOLIVAR,볼리바르항,EC,Ecuador,-3.266666667,-80
1161,PUERTO MARITIMO DE GUAYAQUIL,과야킬항,EC,Ecuador,-2.283333333,-79.9
1162,LA LIBERTAD,라 리베르타드항,EC,Ecuador,-2.216666667,-80.91666667
1163,MANTA,만타항,EC,Ecuador,-0.95,-80.71666667
1164,ESMERALDAS,에스메랄다스항,EC,Ecuador,1,-79.65
1165,TUMACO,투마코항,CO,Colombia,1.816666667,-78.75
1166,BUENAVENTURA,부에나벤투라항,CO,Colombia,3.883333333,-77.06666667
1167,BALBOA,발보아항,PA,Panama,8.95,-79.56666667
1168,PEDREGAL,페드레갈항,PA,Panama,8.35,-82.43333333
1169,PUERTO ARMUELLES,아르무에예스항,PA,Panama,8.266666667,-82.85
1170,SUPERIOR,수피리어항,US,United States of America,46.73333333,-92.06666667
1171,DULUTH,듈루스항,US,United States of America,46.76666667,-92.1
1172,TWO HARBORS,투하버스항,US,United States of America,47.01666667,-91.65
1173,GRAND MARAIS,그랑드마레항,US,United States of America,47.75,-90.33333333
1174,WASHINGTON HARBOR,워싱턴항,US,United States of America,47.91666667,-89.15
1175,DOUGLASTOWN,더글라스타운항,CA,Canada,48.76666667,-64.38333333
1176,CHANDLER,챈들러항,CA,Canada,48.36666667,-64.66666667
1177,CARAQUET,카라케항,CA,Canada,47.8,-64.93333333
1178,SHIPPEGAN,쉬파간항,CA,Canada,47.75,-64.7
1179,SHEDIAC,셰디악항,CA,Canada,46.21666667,-64.55
1180,ALBERTON,앨버턴항,CA,Canada,46.8,-64.06666667
1181,GEORGETOWN,조지타운항,CA,Canada,46.18333333,-62.53333333
1182,SUMMERSIDE,서머사이드항,CA,Canada,46.4,-63.78333333
1183,PICTOU,픽투항,CA,Canada,45.66666667,-62.71666667
1184,PORT HAWKESBURY,호크스버리항,CA,Canada,45.61666667,-61.36666667
1185,PORT HASTINGS,헤이스팅스항,CA,Canada,45.65,-61.4
1186,CHETICAMP,셰티캠프항,CA,Canada,46.63333333,-61
1187,WHYCOCOMAGH,와이코코맥항,CA,Canada,45.96666667,-61.13333333
1188,GRAND NARROWS,그랜드내로우스항,CA,Canada,45.95,-60.78333333
1189,LITTLE BRAS D OR,리틀브라스도르항,CA,Canada,46.25,-60.3
1190,NORTH SYDNEY,노스시드니항,CA,Canada,46.21666667,-60.25
1191,ARICHAT,애리쳇항,CA,Canada,45.51666667,-61.01666667
1192,GUYSBOROUGH,가이즈버러항,CA,Canada,45.4,-61.5
1193,CORNUCOPIA,코르누코피아항,US,United States of America,46.86666667,-91.1
1194,STURGEON BAY,스터전베이항,US,United States of America,44.83333333,-87.38333333
1195,GREEN BAY,그린베이항,US,United States of America,44.51666667,-88.01666667
1196,DEPERE,드퍼항,US,United States of America,44.45,-88.06666667
1197,KAUKAUNA,카우카우나항,US,United States of America,44.28333333,-88.26666667
1198,OCONTO,오콘토항,US,United States of America,44.9,-87.83333333
1199,MARINETTE,마리네트항,US,United States of America,45.08333333,-87.6
1200,MENOMINEE,메노미니항,US,United States of America,45.1,-87.6
1201,ESCANABA,에스카나바항,US,United States of America,45.76666667,-87.05
1202,NAHMA,나마항,US,United States of America,45.83333333,-86.66666667
1203,MANISTIQUE,매니스틱항,US,United States of America,45.95,-86.25
1204,PORT INLAND,인랜드항,US,United States of America,45.96666667,-85.86666667
1205,GOULAIS BAY,구레이베이항,CA,Canada,46.73333333,-84.5
1206,BATCHAWANA BAY,배차와나베이항,CA,Canada,46.91666667,-84.6
1207,EAST ZEIT TERMINAL,이스트자이트터미널항,EG,Egypt,27.85,33.6
1208,SHARM EL SHEIKH,샤름엘셰이크항,EG,Egypt,27.85,34.28333333
1209,EL TUR HARBOR,엘투르항,EG,Egypt,28.23333333,33.61666667
1210,NUWEIBA EL MUZEIMA,누웨이바엘무제이마항,EG,Egypt,28.96666667,34.65
1211,SHARMAH,샤르마항,SA,Saudi Arabia,27.93333333,35.25
1212,DUBA,두바항,SA,Saudi Arabia,27.56666667,35.53333333
1213,DUBA BULK PLANT TANKER TERMINAL,두바 벌크플랜트 터미널항,SA,Saudi Arabia,27.31666667,35.9
1214,NORTH AIN SUKHNA PORT,노스아인수크나항,EG,Egypt,29.65,32.36666667
1215,RAS BADRAN OIL TERMINAL,라스바드란 오일 터미널항,EG,Egypt,28.95,33.16666667
1216,SOKHNA PORT GAS TANKER TERMINAL,속나 가스 탱커 터미널항,EG,Egypt,29.68333333,32.36666667
1217,BANDAR-E PARS TERMINAL,반다르에파르스 터미널항,IR,Iran (Islamic Republic of),27.53333333,52.53333333
1218,BARKAN OIL-LOADING TERMINAL,바르칸 오일로딩 터미널항,IR,Iran (Islamic Republic of),29.73333333,50.16666667
1219,KHAWR AL ZUBAIR,카우르알주바이르항,IQ,Iraq,30.18333333,47.9
1220,KHAWR AL ZUBAIR LNG TERMINAL,카우르 알 주베이르 LNG 터미널항,IQ,Iraq,30.13333333,47.91666667
1221,JU AYMAH LPG TERMINAL,주 아이마 LPG 터미널항,SA,Saudi Arabia,26.86666667,50.05
1222,RAS AL GHAR,라스 알 가르항,SA,Saudi Arabia,26.9,49.86666667
1223,HULAYLAH OIL TERMINAL,훌라일라 오일 터미널항,AE,United Arab Emirates,25.98333333,55.93333333
1224,RUDUM TERMINAL,루둠 터미널항,YE,Yemen,13.98333333,47.91666667
1225,BALHAF,발하프항,YE,Yemen,13.96666667,48.18333333
1226,PORT DALRYMPLE,달림플항,AU,Australia,-41.13333333,146.8333333
1227,CAPE CUVIER,케이프 큐비에항,AU,Australia,-24.21666667,113.3833333
1228,KLEIN POINT,클라인 포인트항,AU,Australia,-34.96666667,137.7666667
1229,USELESS LOOP,유슬리스 루프항,AU,Australia,-26.08333333,113.4
1230,BARBER'S POINT,바버스 포인트항,US,United States of America,21.31666667,-158.1166667
1231,PORT NORO,노로항,SB,Solomon Islands,-8.216666667,157.1833333
1232,THANH HOA,탄화항,VN,Viet Nam,10.81666667,106.7666667
1233,NGHE TINH,응에팅항,VN,Viet Nam,18.76666667,105.7666667
1234,PORTO DI CHIOGGIA,키오지아항,IT,Italy,45.23333333,12.3
1235,CAT LAI,깟 라이항,VN,Viet Nam,10.75,106.7833333
1236,MAILIAO,마일리아오항,TW,Taiwan,23.78333333,120.1666667
1237,CHAOZHOU,차오저우항,CN,China,23.61666667,117.0833333
1238,CHANGSHU,창슈항,CN,China,31.76666667,120.95
1239,DANDONG,단둥항,CN,China,39.81666667,124.15
1240,HUIZHOU,후이저우항,CN,China,22.71666667,114.5166667
1241,DONGSHAN,둥산항,CN,China,23.75,117.5166667
1242,LANSHAN,란산항,CN,China,30.1,119.3666667
1243,PENGLAI,펑라이항,CN,China,37.81666667,120.8333333
1244,QUANZHOU,취안저우항,CN,China,24.88333333,118.6
1245,RIZHAO,리자오항,CN,China,35.38333333,119.5666667
1246,TAICANG,타이창항,CN,China,31.65,121.2
1247,TANGSHAN (JINGTANG),탕산항,CN,China,39.2,119.0166667
1248,XIUYU,쉬위항,CN,China,25.23333333,118.9833333
1249,ZHANGZHOU,장저우항,CN,China,24.68333333,118.15
1250,IJMUIDEN,아이뮈든항,NL,Netherlands,52.46666667,4.583333333
1251,ZAANDAM,잔담항,NL,Netherlands,52.43333333,4.833333333
1252,AMSTERDAM,암스테르담항,NL,Netherlands,52.36666667,4.9
1253,SCHEVENINGEN,스헤베닝언항,NL,Netherlands,52.1,4.266666667
1254,HOEK VAN HOLLAND,훅판홀랜드항,NL,Netherlands,51.95,4.133333333
1255,EUROPOORT,유로포르트항,NL,Netherlands,51.95,4.116666667
1256,MAASSLUIS,마스르이스항,NL,Netherlands,51.91666667,4.25
1257,VLAARDINGEN,플라르딩언항,NL,Netherlands,51.9,4.35
1258,SCHIEDAM,스히담항,NL,Netherlands,51.9,4.4
1259,THYBORON,티보른항,DK,Danmark,56.7,8.216666667
1260,SAKSKOBING,삭스코빙항,DK,Danmark,54.8,11.63333333
1261,BANDHOLM,반돌름항,DK,Danmark,54.83333333,11.5
1262,NAKSKOV,낙스코브항,DK,Danmark,54.83333333,11.13333333
1263,RODBY HAVN,뢰뷔항,DK,Danmark,54.65,11.35
1264,NYSTED,니스테드항,DK,Danmark,54.66666667,11.73333333
1265,RUDKOBING,루드코빙항,DK,Danmark,54.95,10.71666667
1266,MARSTAL,마르스탈항,DK,Danmark,54.91666667,10.33333333
1267,AEROSKOBING,에뢰스코빙항,DK,Danmark,54.88333333,10.41666667
1268,SVENDBORG,스벤보르항,DK,Danmark,55.06666667,10.61666667
1269,NYBORG,뉘보르항,DK,Danmark,55.31666667,10.8
1270,ODENSE,오덴세항,DK,Danmark,55.41666667,10.38333333
1271,MIDDELFART,미델파르트항,DK,Danmark,55.5,9.733333333
1272,ASSENS,아센스항,DK,Danmark,55.26666667,9.883333333
1273,FABORG,파보르항,DK,Danmark,55.1,10.25
1274,SONDERBORG,쇤데르보르항,DK,Danmark,54.91666667,9.783333333
1275,AUGUSTENBORG,아우구스텐보르항,DK,Danmark,54.95,9.866666667
1276,ABENRA,아벤라항,DK,Danmark,55.05,9.433333333
1277,ENSTED,엔스테드항,DK,Danmark,55.01666667,9.433333333
1278,HADERSLEV,하더슬레브항,DK,Danmark,55.25,9.5
1279,KOLDING,콜딩항,DK,Danmark,55.48333333,9.5
1280,FREDERICIA,프레데리시아항,DK,Danmark,55.56666667,9.766666667
1281,VEJLE,바일레항,DK,Danmark,55.71666667,9.55
1282,HORSENS,호르센스항,DK,Danmark,55.86666667,9.85
1283,ARHUS,오르후스항,DK,Danmark,56.15,10.21666667
1284,STUDSTRUP,스투드스트룹항,DK,Danmark,56.25,10.35
1285,GRENAA HAVN,그레나항,DK,Danmark,56.41666667,10.93333333
1286,RANDERS,란더스항,DK,Danmark,56.46666667,10.05
1287,HADSUND,하드순드항,DK,Danmark,56.71666667,10.11666667
1288,MARIAGER,마리아게르항,DK,Danmark,56.65,9.983333333
1289,HOBRO,호브로항,DK,Danmark,56.63333333,9.8
1290,HALS,할스항,DK,Danmark,56.98333333,10.31666667
1291,ALBORG,알보르항,DK,Danmark,57.05,9.933333333
1292,FREDERIKSHAVN,프레데릭스항,DK,Danmark,57.43333333,10.55
1293,SKAGEN HAVN,스카겐항,DK,Danmark,57.71666667,10.6
1294,GOLFITO,골피토항,CR,Costa Rica,8.633333333,-83.16666667
1295,PUERTO QUEPOS,케포스항,CR,Costa Rica,9.433333333,-84.16666667
1296,PUERTO CALDERA,칼데라항,CR,Costa Rica,9.916666667,-84.71666667
1297,PUNTARENAS,푼타레나스항,CR,Costa Rica,9.983333333,-84.83333333
1298,PUERTO SANDINO,산디노항,NI,Nicaragua,12.18333333,-86.76666667
1299,CORINTO,코린토항,NI,Nicaragua,12.48333333,-87.16666667
1300,PUERTO DE HENCAN,헨칸항,HN,Honduras,13.4,-87.45
1301,LA UNION,라우니온항,SV,El Salvador,13.33333333,-87.83333333
1302,ACAJUTLA,아카후틀라항,SV,El Salvador,13.58333333,-89.83333333
1303,PUERTO QUETZAL,케찰항,GT,Guatemala,13.91666667,-90.8
1304,PUERTO MADERO,마데로항,MX,Mexico,14.7,-92.45
1305,SALINA CRUZ,살리나크루즈항,MX,Mexico,16.16666667,-95.2
1306,PAITA,파이타항,PE,Peru,-5.083333333,-81.11666667
1307,TALARA,탈라라항,PE,Peru,-4.583333333,-81.28333333
1308,BAHIA SAN VICENTE,산비센테항,CL,Chile,-36.73333333,-73.16666667
1309,TALCAHUANO,탈카후아노항,CL,Chile,-36.7,-73.1
1310,LIRQUEN,리르켄항,CL,Chile,-36.71666667,-72.98333333
1311,PENCO,펜코항,CL,Chile,-36.71666667,-73
1312,PUERTO SAN ANTONIO,산안토니오항,CL,Chile,-33.58333333,-71.61666667
1313,BAHIA DE VALPARAISO,발파라이소항,CL,Chile,-33.03333333,-71.61666667
1314,BAHIA QUINTERO (VENTANAS),킨테로항,CL,Chile,-32.76666667,-71.53333333
1315,BAHIA HERRADURA GUAYACAN,에라두라과야칸항,CL,Chile,-29.96666667,-71.36666667
1316,COQUIMBO,콰킴보항,CL,Chile,-29.95,-71.33333333
1317,HUASCO,우아스코항,CL,Chile,-28.46666667,-71.25
1318,PUERTO CALDERA,칼데라항,CL,Chile,-27.05,-70.83333333
1319,PUERTO CALDERILLA,칼데리야항,CL,Chile,-27.08333333,-70.86666667
1320,PUERTO CHANARAL,차나라알항,CL,Chile,-26.35,-70.65
1321,TALTAL,탈탈항,CL,Chile,-25.4,-70.48333333
1322,ANTOFAGASTA,안토파가스타항,CL,Chile,-23.65,-70.41666667
1323,MEJILLONES,메히요네스항,CL,Chile,-23.1,-70.46666667
1324,TOCOPILLA,토코삐야항,CL,Chile,-22.08333333,-70.23333333
1325,IQUIQUE,이키케항,CL,Chile,-20.2,-70.16666667
1326,RADA DE ARICA,아리카항,CL,Chile,-18.46666667,-70.33333333
1327,PUERTO ILO,일로항,PE,Peru,-17.63333333,-71.36666667
1328,BAHIA DE MATARANI,마타라니항,PE,Peru,-17,-72.11666667
1329,BAHIA SAN NICOLAS,산니콜라스항,PE,Peru,-15.25,-75.23333333
1330,GARGANTUA,가르간투아항,CA,Canada,47.56666667,-84.96666667
1331,MICHIPICOTEN,미치피코텐항,CA,Canada,47.96666667,-84.9
1332,QUEBEC HARBOUR,케벡항,CA,Canada,47.7,-85.8
1333,HERON BAY,헤런항,CA,Canada,48.65,-86.31666667
1334,THUNDER BAY,썬더항,CA,Canada,48.4,-89.23333333
1335,GRAND MARAIS,그랜드마레항,US,United States of America,46.68333333,-85.96666667
1336,MUNISING,무니징항,US,United States of America,46.41666667,-86.65
1337,MARQUETTE,마르켓항,US,United States of America,46.53333333,-87.38333333
1338,PRESQUE ISLE,프레스크아일항,US,United States of America,46.56666667,-87.38333333
1339,L ANSE,란스항,US,United States of America,46.76666667,-88.46666667
1340,BARAGA,바라가항,US,United States of America,46.78333333,-88.48333333
1341,COPPER HARBOR,코퍼항,US,United States of America,47.46666667,-87.86666667
1342,EAGLE HARBOR,이글항,US,United States of America,47.46666667,-88.16666667
1343,HOUGHTON,호튼항,US,United States of America,47.11666667,-88.56666667
1344,ONTONAGON,온토나건항,US,United States of America,46.88333333,-89.33333333
1345,ASHLAND,애슐랜드항,US,United States of America,46.6,-90.86666667
1346,WASHBURN,워시번항,US,United States of America,46.66666667,-90.88333333
1347,BAYFIELD,베이필드항,US,United States of America,46.8,-90.81666667
1348,LA POINTE,라포인트항,US,United States of America,46.78333333,-90.78333333
1349,TWO RIVERS,투리버스항,US,United States of America,44.15,-87.56666667
1350,KEWAUNEE,케와니항,US,United States of America,44.46666667,-87.5
1351,ALGOMA,알고마항,US,United States of America,44.6,-87.43333333
1352,SAGINAW,세이그노항,US,United States of America,43.43333333,-83.93333333
1353,ALABASTER,앨러배스터항,US,United States of America,44.18333333,-83.55
1354,TAWAS CITY,타와스항,US,United States of America,44.26666667,-83.5
1355,AU SABLE,오세이블항,US,United States of America,44.4,-83.31666667
1356,OSCODA,오스코다항,US,United States of America,44.41666667,-83.31666667
1357,ALPENA,알피나항,US,United States of America,45.06666667,-83.41666667
1358,ROCKPORT,록포트항,US,United States of America,45.2,-83.38333333
1359,CALCITE,칼사이트항,US,United States of America,45.41666667,-83.78333333
1360,ROGERS CITY,로저스항,US,United States of America,45.45,-83.81666667
1361,CHEBOYGAN,시보이건항,US,United States of America,45.65,-84.46666667
1362,MACKINAW CITY,마키나우항,US,United States of America,45.78333333,-84.71666667
1363,MACKINAC ISLAND,마키낙섬항,US,United States of America,45.85,-84.61666667
1364,ST IGNACE,생이그네이스항,US,United States of America,45.85,-84.71666667
1365,SAULT STE MARIE,수 세인트 메리항,US,United States of America,46.5,-84.35
1366,ST. JAMES HARBOR,세인트 제임스항,US,United States of America,45.73333333,-85.51666667
1367,HARBOR SPRINGS,하버스프링스항,US,United States of America,45.43333333,-84.98333333
1368,PETOSKEY,피토스키항,US,United States of America,45.36666667,-84.96666667
1369,CHARLEVOIX,샤를부아항,US,United States of America,45.31666667,-85.26666667
1370,TRAVERSE CITY,트래버스항,US,United States of America,44.76666667,-85.61666667
1371,LELAND,리랜드항,US,United States of America,45.01666667,-85.76666667
1372,FRANKFORT,프랭크포트항,US,United States of America,44.63333333,-86.25
1373,MANISTEE,매니스티항,US,United States of America,44.25,-86.31666667
1374,LUDINGTON,러딩턴항,US,United States of America,43.95,-86.45
1375,WHITE LAKE,화이트레이크항,US,United States of America,43.38333333,-86.35
1376,MUSKEGON,머스키건항,US,United States of America,43.23333333,-86.26666667
1377,ZHAPU,자푸항,CN,China,30.58333333,121.0833333
1378,SANYA,산야항,CN,China,18.31666667,109.45
1379,YANGPU,양푸항,CN,China,19.73333333,109.1833333
1380,CHIWAN,치완항,CN,China,19.96666667,110.0333333
1381,SHUI DONG,수이둥항,CN,China,21.48333333,111.0833333
1382,ZHUHAI,주하이항,CN,China,22.23333333,113.5833333
1383,QINZHOU,친저우항,CN,China,21.73333333,108.5833333
1384,HUANGPU,황푸항,CN,China,23.08333333,113.4166667
1385,CHANGZHOU,창저우항,CN,China,31.96666667,119.9833333
1386,NANTONG,난퉁항,CN,China,32,120.8
1387,ZHANGJIANGANG,장지아강항,CN,China,31.96666667,120.4
1388,DAESAN HANG,대산항,KR,Republic of Korea,37.01666667,126.4
1389,VOSTOCHNYY,보스토치니항,RU,Russia,42.75,133.0833333
1390,ATSUMI,아쓰미항,JP,Japan,34.66666667,137.0666667
1391,SLAVYANKA,슬라비얀카항,RU,Russia,42.86666667,131.3833333
1392,O0KIHAMA,오키하마항,JP,Japan,34.75,134.5666667
1393,ISIKARI WAN,이시카리완항,JP,Japan,43.23333333,141.3666667
1394,TSURUGA KO,쓰루가항,JP,Japan,35.65,136.0666667
1395,NAOETSU KO,나오에츠항,JP,Japan,37.18333333,138.25
1396,BELEKERI,베레케리 터미널항,IN,India,14.7,74.26666667
1397,PANAJI,파나지항,IN,India,15.5,73.81666667
1398,VADINAR TERMINAL,바디나르 터미널항,IN,India,22.51666667,69.7
1399,NAKAGUSUKU,나카구스쿠항,JP,Japan,26.26666667,127.9166667
1400,AOKATA,아오카타항,JP,Japan,32.98333333,129.0666667
1401,FUKUI,후쿠이항,JP,Japan,36.06666667,136.2
1402,KASHIWAZAKI,카시와자키항,JP,Japan,37.36666667,138.55
1403,HABU KO,하부항,JP,Japan,34.28333333,133.1833333
1404,NISHIHARA,니시하라항,JP,Japan,26.21666667,127.8
1405,ONODA,오노다항,JP,Japan,34,131.1833333
1406,SHINGU,신구항,JP,Japan,33.66666667,135.9833333
1407,TAKUMA,타쿠마항,JP,Japan,34.21666667,133.6833333
1408,TOKACHI,도카치항,JP,Japan,42.25,143.3
1409,TONDA,톤다항,JP,Japan,34.03333333,131.75
1410,UCHIURA,우치우라항,JP,Japan,35.51666667,135.5
1411,MCMURDO STATION,맥머도기지항,AQ,Antarctica,-77.85,166.65
1412,PUERTO MORRO REDONDO,모로레돈도항,MX,Mexico,28.05,-115.1833333
1413,PICHILINGUE,피칠링게항,MX,Mexico,24.26666667,-110.3333333
1414,PUERTO COLON,콜론항,PA,Panama,9.366666667,-79.88333333
1415,CHARCO AZUL,차르코아술항,PA,Panama,8.216666667,-82.86666667
1416,HIRTSHALS,히르스할스항,DK,Danmark,57.6,9.966666667
1417,HANSTHOLM,한스트홈항,DK,Danmark,57.13333333,8.6
1418,NYKOBING (FALSTER),뉘코빙항,DK,Danmark,54.76666667,11.86666667
1419,ROSTOCK,로스토크항,DE,Germany,54.1,12.13333333
1420,WISMAR,비스마르항,DE,Germany,53.9,11.46666667
1421,LUBECK-TRAVEMUNDE,루벡트라베뮌데항,DE,Germany,53.96666667,10.88333333
1422,LUBECK,뤼벡항,DE,Germany,53.88333333,10.7
1423,NEUSTADT,노이슈타트항,DE,Germany,54.1,10.81666667
1424,HEILIGENHAFEN,하일리겐하펜항,DE,Germany,54.36666667,10.98333333
1425,KIEL,킬항,DE,Germany,54.31666667,10.13333333
1426,ECKERNFORDE,에커른포르데항,DE,Germany,54.48333333,9.833333333
1427,KAPPELN,카펠른항,DE,Germany,54.66666667,9.933333333
1428,FLENSBURG,플렌스부르크항,DE,Germany,54.8,9.433333333
1429,NEKSO,넥소항,DK,Danmark,55.06666667,15.13333333
1430,RONNE,론네항,DK,Danmark,55.1,14.7
1431,HASLE,하슬레항,DK,Danmark,55.18333333,14.7
1432,CHRISTIANSO HARBOR,크리스티안쇠항,DK,Danmark,55.31666667,15.18333333
1433,FAKSE LADEPLADS HAVN,팍세 라데플라즈항,DK,Danmark,55.21666667,12.16666667
1434,KOGE,코게항,DK,Danmark,55.45,12.2
1435,KOBENHAVN,코펜하겐항,DK,Danmark,55.7,12.61666667
1436,TUBORG,투보르그항,DK,Danmark,55.71666667,12.58333333
1437,HELSINGOR,헬싱외르항,DK,Danmark,56.03333333,12.61666667
1438,FREDERIKSVAERK,프레데릭스베르항,DK,Danmark,55.96666667,12.01666667
1439,FREDERIKSSUND,프레데릭순드항,DK,Danmark,55.83333333,12.05
1440,KYNDBYVAERKETS HAVN,킨드뷔베어케트스항,DK,Danmark,55.81666667,11.88333333
1441,HOLBAEK,홀베크항,DK,Danmark,55.71666667,11.71666667
1442,KALUNDBORG,칼룬스보르항,DK,Danmark,55.68333333,11.1
1443,KORSOR,코르스외르항,DK,Danmark,55.33333333,11.13333333
1444,SKAELSKOR,스켈스코르항,DK,Danmark,55.25,11.3
1445,STIGSNAESVAERKET,스티그스네스베르케트항,DK,Danmark,55.2,11.25
1446,NAESTVED,네스테베르항,DK,Danmark,55.23333333,11.75
1447,VORDINGBORG,보딩보르항,DK,Danmark,55,11.9
1448,STUBBEKOBING,스투베코빙항,DK,Danmark,54.88333333,12.05
1449,STEGE,스테게항,DK,Danmark,54.98333333,12.28333333
1450,STRALSUND,슈트랄준트항,DE,Germany,54.31666667,13.1
1451,HELSINKI,헬싱키항,FI,Finland,60.16666667,24.96666667
1452,PORVOO,포르부항,FI,Finland,60.3,25.63333333
1453,LOVIISA,로비사항,FI,Finland,60.45,26.23333333
1454,KOTKA,코트카항,FI,Finland,60.46666667,26.96666667
1455,HAMINA,하미나항,FI,Finland,60.56666667,27.2
1456,VYBORG,비보르크항,RU,Russia,60.71666667,28.75
1457,GAVAN VYSOTSK,비소츠크항,RU,Russia,60.61666667,28.56666667
1458,PRIMORSK,프리모르스크항,RU,Russia,60.36666667,28.63333333
1459,SANKT-PETERBURG,상트페테르부르크항,RU,Russia,59.93333333,30.3
1460,PUERTO DEL CALLAO,칼라오항,PE,Peru,-12.05,-77.15
1461,BAHIA DE ANCON,안콘항,PE,Peru,-11.75,-77.18333333
1462,CHANCAY,찬카이항,PE,Peru,-11.58333333,-77.25
1463,PUERTO DE HUACHO,와초항,PE,Peru,-11.11666667,-77.61666667
1464,PUERTO SUPE,수페항,PE,Peru,-10.8,-77.75
1465,PUNTA LOBITOS (BAHIA DE HUARMEY),로비토스항,PE,Peru,-10.1,-78.16666667
1466,PUERTO DE CHIMBOTE,침보테항,PE,Peru,-9.083333333,-78.61666667
1467,SALAVERRY,살라베리항,PE,Peru,-8.233333333,-78.98333333
1468,PIMENTAL,피멘탈항,PE,Peru,-6.833333333,-79.93333333
1469,PUERTO BAYOVAR,바이오바르항,PE,Peru,-5.833333333,-81.05
1470,CORONEL,코로나엘항,CL,Chile,-37.03333333,-73.16666667
1471,PUERTO BELGRANO,벨그라노항,AR,Argentina,-38.88333333,-62.1
1472,BAHIA BLANCA,블랑카항,AR,Argentina,-38.78333333,-62.26666667
1473,PUERTO INGENIERO WHITE,잉헤니에로 화이트항,AR,Argentina,-38.8,-62.26666667
1474,PUERTO NACIONAL,나시오날항,AR,Argentina,-38.8,-62.28333333
1475,PUERTO GALVAN,갈반항,AR,Argentina,-38.78333333,-62.3
1476,SAN BLAS,산블라스항,AR,Argentina,-40.56666667,-62.23333333
1477,PUERTO MADRYN,마드린항,AR,Argentina,-42.76666667,-65.03333333
1478,PUERTO SAN JULIAN,산 훌리안항,AR,Argentina,-49.31666667,-67.7
1479,PUERTO SANTA CRUZ,산타크루즈항,AR,Argentina,-50.01666667,-68.51666667
1480,PUERTO GALLEGOS,갈레고스항,AR,Argentina,-51.61666667,-68.96666667
1481,USHUAIA,우수아이아항,AR,Argentina,-54.81666667,-68.3
1482,PRINCE OLAV HARBOR,프린스 올라브항,GS,South Georgia and the South Sandwich Islands,-54.03333333,-37.15
1483,STROMNESS HARBOR,스트롬니스항,GS,South Georgia and the South Sandwich Islands,-54.15,-36.7
1484,PUERTO SARA,사라항,CL,Chile,-52.63333333,-70.2
1485,CALETA CLARENCIA,칼레타 클라렌시아항,CL,Chile,-52.9,-70.1
1486,PORT SAN JUAN DE LA JUAN,산후안데라후안항,CL,Chile,-53.63333333,-70.91666667
1487,BAHIA HARRIS,해리스만항,CL,Chile,-53.85,-70.45
1488,CALETA MINA ELENA,미나 엘레나항,CL,Chile,-52.68333333,-71.9
1489,GRAND HAVEN,그랜드헤이븐항,US,United States of America,43.06666667,-86.23333333
1490,HOLLAND,홀랜드항,US,United States of America,42.78333333,-86.13333333
1491,SAUGATUCK,소가턱항,US,United States of America,42.66666667,-86.2
1492,SOUTH HAVEN,사우스헤이븐항,US,United States of America,42.4,-86.28333333
1493,ST JOSEPH,세인트조셉항,US,United States of America,42.11666667,-86.48333333
1494,MICHIGAN CITY,미시간시티항,US,United States of America,41.73333333,-86.9
1495,GARY,게리항,US,United States of America,41.61666667,-87.33333333
1496,BUFFINGTON,버핑턴항,US,United States of America,41.63333333,-87.41666667
1497,INDIANA HARBOR,인디애나항,US,United States of America,41.66666667,-87.43333333
1498,CALUMET HARBOR,칼루멧항,US,United States of America,41.73333333,-87.51666667
1499,CHICAGO,시카고항,US,United States of America,41.88333333,-87.6
1500,WILMETTE,윌메트항,US,United States of America,42.08333333,-87.68333333
1501,GREAT LAKES,그레이트레이크스항,US,United States of America,42.3,-87.83333333
1502,WAUKEGAN,와우키건항,US,United States of America,42.36666667,-87.81666667
1503,KENOSHA,케노샤항,US,United States of America,42.58333333,-87.81666667
1504,RACINE,레이신항,US,United States of America,42.73333333,-87.78333333
1505,MILWAUKEE,밀워키항,US,United States of America,43.03333333,-87.88333333
1506,PORT WASHINGTON,워싱턴항,US,United States of America,43.38333333,-87.86666667
1507,SHEBOYGAN,시보이건항,US,United States of America,43.75,-87.7
1508,MANITOWOC,매니토워크항,US,United States of America,44.1,-87.65
1509,PORT HOPE,호프항,US,United States of America,43.95,-82.7
1510,BAY CITY,베이시티항,US,United States of America,43.6,-83.86666667
1511,SARNIA,사니아항,CA,Canada,42.98333333,-82.41666667
1512,POINT EDWARD,포인트에드워드항,CA,Canada,43,-82.41666667
1513,GODERICH,고데릭항,CA,Canada,43.75,-81.73333333
1514,PORT ELGIN,엘진항,CA,Canada,44.43333333,-81.4
1515,SOUTHAMPTON,사우샘프턴항,CA,Canada,44.5,-81.38333333
1516,TOBERMORY,토버모리항,CA,Canada,45.26666667,-81.66666667
1517,LIONS HEAD,라이온스헤드항,CA,Canada,44.98333333,-81.25
1518,WIARTON,와이턴항,CA,Canada,44.75,-81.13333333
1519,OWEN SOUND,오언사운드항,CA,Canada,44.58333333,-80.93333333
1520,MEAFORD,미포드항,CA,Canada,44.61666667,-80.6
1521,THORNBURY,쏜버리항,CA,Canada,44.56666667,-80.45
1522,COLLINGWOOD,콜링우드항,CA,Canada,44.5,-80.23333333
1523,PENETANGUISHENE,페네탕기셴항,CA,Canada,44.76666667,-79.93333333
1524,MIDLAND,미들랜드항,CA,Canada,44.75,-79.91666667
1525,TIFFIN,티핀항,CA,Canada,44.75,-79.85
1526,PORT MCNICOLL,맥니콜항,CA,Canada,44.75,-79.8
1527,VICTORIA HARBOUR,빅토리아항,CA,Canada,44.75,-79.81666667
1528,WAUBAUSHENE,와우버쉔항,CA,Canada,44.76666667,-79.71666667
1529,PORT SEVERN,세번항,CA,Canada,44.8,-79.71666667
1530,DEPOT HARBOUR,디포항,CA,Canada,45.31666667,-80.1
1531,PARRY SOUND,패리사운드항,CA,Canada,45.33333333,-80.03333333
1532,BYNG INLET,빙 인렛항,CA,Canada,45.76666667,-80.56666667
1533,KEY HARBOUR,키항,CA,Canada,45.88333333,-80.75
1534,KILLARNEY,킬러니항,CA,Canada,45.96666667,-81.51666667
1535,MAMONAL,마모날항,CO,Colombia,10.31666667,-75.51666667
1536,IMBITUBA,임비투바항,BR,Brazil,-28.23333333,-48.66666667
1537,GUAIBA ISLAND TERMINAL,과이바 터미널항,BR,Brazil,-23.01666667,-44.03333333
1538,DTSE / GEGUA OIL TERMINAL,디티에스이 게구아 오일 터미널항,BR,Brazil,-22.81666667,-43.15
1539,GEBIG,게빅항,BR,Brazil,-23.05,-44.21666667
1540,PORTOCEL,포르토셀항,BR,Brazil,-19.85,-40.05
1541,SANTA CLARA,산타클라라항,BR,Brazil,-20.88333333,-51.36666667
1542,EL TABIAZO,엘타비아소항,VE,Venezuela (Bolivarian Republic of),10.76666667,-71.53333333
1543,VENTERMINALS,벤터미널항,VE,Venezuela (Bolivarian Republic of),10.48333333,-68.03333333
1544,JOSE IGNACIO,호세 이그나시오항,UY,Uruguay,-34.95,-54.7
1545,COCKBURN HARBOR,콕번항,TC,Turks and Caicos Islands,21.5,-71.53333333
1546,RISAN,리산항,ME,Montenegro,42.51666667,18.7
1547,KOTOR,코토르항,ME,Montenegro,42.41666667,18.76666667
1548,TIVAT,티바트항,ME,Montenegro,42.43333333,18.7
1549,BAR,바르항,ME,Montenegro,42.08333333,19.08333333
1550,PORT ALUCROIX,알뤼크루아항,VI,United States Virgin Islands,17.7,-64.76666667
1551,CIUDAD BOLIVAR,볼리바르항,VE,Venezuela (Bolivarian Republic of),8.133333333,-63.55
1552,DJENO TERMINAL,제노 터미널항,CG,Congo,-4.933333333,11.9
1553,N'KOSSA TERMINAL,엔코사 터미널항,CG,Congo,-5.266666667,11.56666667
1554,MATADI,마타디항,CD,Congo (the Democratic Republic of the),-5.816666667,13.45
1555,TIN CAN ISLAND,틴캔항,NG,Nigeria,6.35,3.35
1556,SAPELE,사펠레항,NG,Nigeria,5.9,5.683333333
1557,WARRI,와리항,NG,Nigeria,5.516666667,5.733333333
1558,YOHO TERMINAL,요호 터미널항,NG,Nigeria,4.016666667,7.466666667
1559,SEA EAGLE TERMINAL,씨이글 터미널항,NG,Nigeria,4.8,5.316666667
1560,QUA IBOE OIL TERMINAL,콰이보에 오일 터미널항,NG,Nigeria,4.233333333,8.033333333
1561,PENNINGTON OIL TERMINAL,페닝턴 오일 터미널항,NG,Nigeria,4.25,5.616666667
1562,BONNY OFFSHORE TERMINAL,보니 오프쇼어 터미널항,NG,Nigeria,4.183333333,7.233333333
1563,LOMONOSOV,로모노소프항,RU,Russia,59.91666667,29.76666667
1564,KRONSHTADT,크론슈타트항,RU,Russia,59.98333333,29.78333333
1565,REKA LUGA,뤼가강항,RU,Russia,59.66666667,28.31666667
1566,KUNDA,쿤다항,EE,Estonia,59.53333333,26.53333333
1567,TALLINN,탈린항,EE,Estonia,59.45,24.76666667
1568,PALDISKI,팔디스키항,EE,Estonia,59.35,24.03333333
1569,OSMUSSAAR,오수사르항,EE,Estonia,59.3,23.36666667
1570,PARNU,파르누항,EE,Estonia,58.38333333,24.5
1571,RIGA,리가항,LV,Latvija,56.95,24.1
1572,VENTSPILS,벤트스필스항,LV,Latvija,57.4,21.53333333
1573,LIEPAJA,리에파야항,LV,Latvija,56.51666667,21.01666667
1574,KLAIPEDA,클라이페다항,LT,Lithuania,55.71666667,21.11666667
1575,BALTIYSK,발티이스크항,RU,Russia,54.63333333,19.9
1576,KALININGRAD,칼리닌그라드항,RU,Russia,54.7,20.48333333
1577,CALVI,칼비항,FR,France,42.56666667,8.75
1578,GDANSK,그단스크항,PL,Poland,54.35,18.66666667
1579,PORT POLNOCHNY,폴노치니항,PL,Poland,54.4,18.71666667
1580,NOWY PORT,노비항,PL,Poland,54.41666667,18.66666667
1581,GDYNIA,그디니아항,PL,Poland,54.53333333,18.55
1582,USTKA,우스트카항,PL,Poland,54.58333333,16.85
1583,DARLOWO,다르워항,PL,Poland,54.43333333,16.41666667
1584,KOLOBRZEG,코워브제그항,PL,Poland,54.21666667,15.55
1585,SWINOUJSCIE,스비누이시체항,PL,Poland,53.91666667,14.26666667
1586,SZCZECIN,슈체친항,PL,Poland,53.41666667,14.55
1587,WOLGAST,볼가스트항,DE,Germany,54.05,13.78333333
1588,SASSNITZ,사스니츠항,DE,Germany,54.51666667,13.65
1589,EKENAS,에케나스항,FI,Finland,59.98333333,23.43333333
1590,JUSSARO,유사로항,FI,Finland,59.83333333,23.56666667
1591,PORKKALA,포르칼라항,FI,Finland,60.08333333,24.38333333
1592,KARLSBORG,칼스보리항,SE,Sweden,65.8,23.28333333
1593,SANDVIK,산드비크항,SE,Sweden,65.73333333,23.76666667
1594,TORINA,토리나항,FI,Finland,65.76666667,24.16666667
1595,KEMI,케미항,FI,Finland,65.73333333,24.56666667
1596,OULU,울루항,FI,Finland,65.01666667,25.4
1597,RAAHE,라헤항,FI,Finland,64.68333333,24.41666667
1598,HIMANKA,히만카항,FI,Finland,64,23.65
1599,KOKKOLA,코콜라항,FI,Finland,63.85,23.01666667
1600,JAKOBSTAD,야콥스타드항,FI,Finland,63.68333333,22.66666667
1601,NYKARLEBY,뉴카를레뷔항,FI,Finland,63.51666667,22.53333333
1602,L'ILE ROUSSE,릴루스항,FR,France,42.63333333,8.933333333
1603,LA MADDALENA,라 마달레나항,IT,Italy,41.2,9.416666667
1604,OLBIA,올비아항,IT,Italy,40.91666667,9.5
1605,ARBATAX,아르바탁스항,IT,Italy,39.93333333,9.7
1606,CAGLIARI,카글리아리항,IT,Italy,39.21666667,9.116666667
1607,SARROCH OIL TERMINAL,사로크 오일 터미널항,IT,Italy,39.08333333,9.033333333
1608,VICTORIA,빅토리아항,MY,Malaysia,5.283333333,115.2333333
1609,KOTA KINABALU,코타키나발루항,MY,Malaysia,5.983333333,116.0666667
1610,KUDAT,쿠닷항,MY,Malaysia,6.883333333,116.85
1611,PELABUHAN SANDAKAN,산다칸항,MY,Malaysia,5.833333333,118.1166667
1612,LAHAD DATU,라하드다투항,MY,Malaysia,5.016666667,118.3166667
1613,TANJUNG ARANG  (BUNYU),탄중아랑항(번유),ID,Indonesia,3.466666667,117.8333333
1614,LINGKAS,링카스항,ID,Indonesia,3.283333333,117.6
1615,TANJUNGREDEB,탄중레데브항,ID,Indonesia,2.15,117.4833333
1616,BENOA,베노아항,ID,Indonesia,0.983333333,117.9666667
1617,BONTANG LNG TERMINAL,본탕 LNG 터미널항,ID,Indonesia,0.1,117.4833333
1618,TANJUNG SANTAN,탄중 산탄항,ID,Indonesia,-0.1,117.5333333
1619,SAMARINDA,사마린다항,ID,Indonesia,-0.516666667,117.1166667
1620,SENIPAH OIL TERMINAL,세니파 오일 터미널항,ID,Indonesia,-0.95,117.1666667
1621,BALIKPAPAN,발릭파판항,ID,Indonesia,-1.25,116.8166667
1622,LAWI LAWI OIL TERMINAL,라위 라위 오일 터미널항,ID,Indonesia,-1.45,116.7666667
1623,GUNUNG BATU BESAR,구눙바투브사르항,ID,Indonesia,-2.616666667,116.3
1624,KOTA BARU,코타바루항,ID,Indonesia,-3.233333333,116.2166667
1625,BANJARMASIN,반자르마신항,ID,Indonesia,-3.333333333,114.5833333
1626,KUMAI,쿠마이항,ID,Indonesia,-2.75,111.7166667
1627,PONTIANAK,폰티아낙항,ID,Indonesia,-0.016666667,109.3333333
1628,MANADO,마나도항,ID,Indonesia,1.5,124.8333333
1629,GORONTALO,고롱탈로항,ID,Indonesia,0.5,123.05
1630,POSO,포소항,ID,Indonesia,-1.366666667,120.75
1631,KOLONODALE,콜로노달레항,ID,Indonesia,-1.983333333,121.3333333
1632,KUCHING,쿠칭항,MY,Malaysia,1.566666667,110.35
1633,SIBU,시부항,MY,Malaysia,2.283333333,111.8166667
1634,SARIKEI,사리케이항,MY,Malaysia,2.133333333,111.5333333
1635,SUNGAIPAKNING,숭가이파크닝항,ID,Indonesia,1.35,102.1666667
1636,FLYING FISH COVE,플라잉피시코브항,CX,Christmas Island,-10.41666667,105.7
1637,BANTEN,반텐항,ID,Indonesia,-6.016666667,105.9666667
1638,ANYER LOR,아녜르로르항,ID,Indonesia,-6.05,105.9166667
1639,TANJUNG SEKONG,탄중세콩항,ID,Indonesia,-5.916666667,106
1640,JAKARTA,자카르타항,ID,Indonesia,-6.1,106.8833333
1641,CIREBON,치레본항,ID,Indonesia,-6.716666667,108.5666667
1642,PALMA DE MALLORCA,팔마데마요르카항,ES,Spain,39.56666667,2.633333333
1643,PORTO PONTE ROMANO,폰테로마노항,IT,Italy,39.05,8.466666667
1644,SANTA CRUZ DE LA PALMA,산타크루스데라팔마항,ES,Spain,28.68333333,-17.75
1645,SANTA CRUZ DE TENERIFE,산타크루스데테네리페항,ES,Spain,28.46666667,-16.23333333
1646,LAS PALMAS,라스팔마스항,ES,Spain,28.15,-15.41666667
1647,PUERTO DEL ROSARIO,로사리오항,ES,Spain,28.5,-13.85
1648,ARRECIFE,아레시페항,ES,Spain,28.95,-13.53333333
1649,HUELVA,웰바항,ES,Spain,37.25,-6.95
1650,SEVILLA,세비야항,ES,Spain,37.36666667,-6
1651,ROTA,로타항,ES,Spain,36.61666667,-6.333333333
1652,CADIZ,카디스항,ES,Spain,36.53333333,-6.3
1653,ALGECIRAS,알헤시라스항,ES,Spain,36.13333333,-5.433333333
1654,EUROPA POINT,유로파 포인트항,GI,Djibouti,36.13333333,-5.35
1655,MALAGA,말라가항,ES,Spain,36.71666667,-4.416666667
1656,MOTRIL,모트릴항,ES,Spain,36.75,-3.516666667
1657,ADRA,아드라항,ES,Spain,36.73333333,-3.033333333
1658,ALMERIA,알메리아항,ES,Spain,36.83333333,-2.466666667
1659,PUERTO DE CARBONERAS,카르보네라스항,ES,Spain,37,-1.883333333
1660,AGUILAS,아길라스항,ES,Spain,37.4,-1.566666667
1661,HORNILLO,호르니요항,ES,Spain,37.4,-1.55
1662,CARTAGENA,카르타헤나항,ES,Spain,37.58333333,-0.983333333
1663,TORREVIEJA,토레비에하항,ES,Spain,37.96666667,-0.683333333
1664,ALICANTE,알리칸테항,ES,Spain,38.33333333,-0.483333333
1665,PUERTO DE GANDIA,간디아항,ES,Spain,39,-0.15
1666,VALENCIA,발렌시아항,ES,Spain,39.45,-0.316666667
1667,SAGUNTO,사군토항,ES,Spain,39.65,-0.216666667
1668,BURRIANA,부리아나항,ES,Spain,39.88333333,-0.05
1669,EL GRAO,엘그라오항,ES,Spain,39.96666667,0.016666667
1670,TARRAGONA,타라고나항,ES,Spain,41.1,1.233333333
1671,BARCELONA,바르셀로나항,ES,Spain,41.35,2.166666667
1672,SAN FELIU DE GUIXOLS,산펠류데귀솔스항,ES,Spain,41.78333333,3.033333333
1673,PALAMOS,팔라모스항,ES,Spain,41.83333333,3.116666667
1674,FUNCHAL,푼샬항,PT,Portugal,32.63333333,-16.91666667
1675,PUERTO DE PASAJES,파사헤스항,ES,Spain,43.33333333,-1.933333333
1676,BERMEO,베르메오항,ES,Spain,43.41666667,-2.716666667
1677,PUERTO DE BILBAO,빌바오항,ES,Spain,43.35,-3.05
1678,SANTANDER,산탄데르항,ES,Spain,43.46666667,-3.783333333
1679,GIJON,히혼항,ES,Spain,43.55,-5.666666667
1680,PORTO DE SUAPE,수아페항,BR,Brazil,-8.4,-34.96666667
1681,TEGAL,티갈항,ID,Indonesia,-6.85,109.1333333
1682,PEKALONGAN,페칼롱안항,ID,Indonesia,-6.85,109.7
1683,SEMARANG,세마랑항,ID,Indonesia,-6.95,110.4166667
1684,REMBANG,름방항,ID,Indonesia,-6.7,111.35
1685,TUBAN,투반항,ID,Indonesia,-6.733333333,112.15
1686,SURABAYA,수라바야항,ID,Indonesia,-7.2,112.7333333
1687,PANARUKAN,파나루칸항,ID,Indonesia,-7.7,113.9333333
1688,CILACAP,칠라캅항,ID,Indonesia,-7.733333333,109
1689,BENOA,베노아항,ID,Indonesia,-8.75,115.2166667
1690,LABUHANHAJI,라부한하지항,ID,Indonesia,-8.7,116.5666667
1691,MAUMERE,마우메레항,ID,Indonesia,-8.616666667,122.2166667
1692,LARANTUKA,라란투카항,ID,Indonesia,-8.35,122.9833333
1693,ENDE,엔데항,ID,Indonesia,-8.833333333,121.65
1694,TAREMPAH,타렘파항,ID,Indonesia,3.216666667,106.2166667
1695,BENGKALIS,벵칼리스항,ID,Indonesia,1.466666667,102.1
1696,PULAU BUKOM,부콤섬항,SG,Singapore,1.233333333,103.7666667
1697,PULAU SEBAROK,세바록섬항,SG,Singapore,1.2,103.8
1698,TANJUNGUBAN,탄중우반항,ID,Indonesia,1.066666667,104.2166667
1699,TANJUNGPINANG,탄중피낭항,ID,Indonesia,0.916666667,104.45
1700,KIJANG,키장항,ID,Indonesia,0.85,104.6
1701,PULAU SAMBU,풀라우 삼부항,ID,Indonesia,1.166666667,103.9
1702,DABO,다보항,ID,Indonesia,-0.5,104.5666667
1703,TOBOALI,토보알리항,ID,Indonesia,-3.016666667,106.45
1704,MUNTOK,문톡항,ID,Indonesia,-2.066666667,105.1666667
1705,PANGKALPINANG,팡칼피낭항,ID,Indonesia,-2.116666667,106.1333333
1706,CINTA OIL TERMINAL,신타 오일 터미널항,ID,Indonesia,-5.5,106.2333333
1707,PANJANG,판장항,ID,Indonesia,-5.466666667,105.3166667
1708,TELUK BAYUR,툴룩바유르항,ID,Indonesia,-1,100.3666667
1709,AVILES,아비레스항,ES,Spain,43.6,-5.933333333
1710,RIBADEO,리바데오항,ES,Spain,43.53333333,-7.033333333
1711,SAN CIPRIAN,산시프리안항,ES,Spain,43.7,-7.433333333
1712,FERROL,페롤항,ES,Spain,43.48333333,-8.233333333
1713,LA CORUNA,라코루냐항,ES,Spain,43.36666667,-8.4
1714,VILLAGARCIA DE AROSA,비야가르시아데아로사항,ES,Spain,42.6,-8.766666667
1715,MARIN,마린항,ES,Spain,42.4,-8.7
1716,VIGO,비고항,ES,Spain,42.23333333,-8.716666667
1717,VIANA DO CASTELO,비아나두카스텔루항,PT,Portugal,41.7,-8.833333333
1718,PORTO DE LEIXOES,레이쇼이스항,PT,Portugal,41.18333333,-8.7
1719,DOURO,두로항,PT,Portugal,41.15,-8.666666667
1720,AVEIRO,아베이루항,PT,Portugal,40.65,-8.65
1721,FIGUEIRA DA FOZ,피게이라다포스항,PT,Portugal,40.15,-8.85
1722,LISBOA,리스본항,PT,Portugal,38.7,-9.166666667
1723,SETUBAL,세투발항,PT,Portugal,38.51666667,-8.9
1724,SINES,시네스항,PT,Portugal,37.95,-8.866666667
1725,FARO,파루항,PT,Portugal,37.03333333,-7.933333333
1726,VILA REAL DE S ANTONIO,빌라레알데산토니우항,PT,Portugal,37.18333333,-7.4
1727,BORDEAUX,보르도항,FR,France,44.86666667,-0.566666667
1728,SAINT HELIER HARBOUR,생헬리어항,GB,United Kingdom of Great Britain and Northern Ireland,49.18333333,-2.116666667
1729,PAIMPOL,팽폴항,FR,France,48.78333333,-3.05
1730,RADE DE BREST,브레스트만항,FR,France,48.38333333,-4.5
1731,CONCARNEAU,콩카르노항,FR,France,47.86666667,-3.916666667
1732,LORIENT,로리앙항,FR,France,47.75,-3.35
1733,ST NAZAIRE,생나제르항,FR,France,47.28333333,-2.2
1734,DONGES,동제스항,FR,France,47.3,-2.066666667
1735,NANTES,낭트항,FR,France,47.2,-1.566666667
1736,LES SABLES D' OLONNE,레사블도론항,FR,France,46.5,-1.8
1737,LA PALLICE,라팔리스항,FR,France,46.16666667,-1.216666667
1738,LA ROCHELLE,라로쉘항,FR,France,46.15,-1.15
1739,ROCHEFORT,로슈포르항,FR,France,45.93333333,-0.95
1740,TONNAY CHARENTE,토네샤랑트항,FR,France,45.93333333,-0.9
1741,LE VERDON,르베르동항,FR,France,45.55,-1.05
1742,PAUILLAC,포이약항,FR,France,45.2,-0.75
1743,BLAYE,블레항,FR,France,45.13333333,-0.666666667
1744,CONVENT,콘벤트항,US,United States of America,30.01666667,-90.83333333
1745,DEER PARK,디어파크항,US,United States of America,29.75,-95.33333333
1746,AIN SUKHNA TERMINAL,아인수크나 터미널항,EG,Egypt,29.58333333,32.36666667
1747,KING FAHD PORT,킹파드항,SA,Saudi Arabia,23.95,38.21666667
1748,RAS ISA MARINE TERMINAL,라스이사 해양터미널항,YE,Yemen,15.13333333,42.6
1749,SHEKOU,셰커우항,CN,China,22.46666667,113.8666667
1750,ARDJUNA OIL FIELD,아르주나 오일필드항,ID,Indonesia,-5.883333333,107.7166667
1751,BAYUQUAN,바이위안항,CN,China,40.3,122.0833333
1752,PIPAVAV BANDAR,피파바브항,IN,India,20.91666667,71.51666667
1753,SUBIC BAY,수빅항,PH,Philippines,14.8,120.2666667
1754,YANTIAN,얀티안항,CN,China,22.58333333,114.2666667
1755,ST. JAMES,세인트제임스항,US,United States of America,29.98333333,-90.93333333
1756,PETROPAVLOVSK,페트로파블롭스크항,RU,Russia,53.05,158.65
1757,NIKOL SKOYE,니콜스코예항,RU,Russia,55.2,165.9833333
1758,PROVIDENIYA,프로비데니야항,RU,Russia,64.41666667,-173.2333333
1759,AMBARCHIK,암바르칙항,RU,Russia,69.63333333,162.3166667
1760,TIKSI,틱시항,RU,Russia,71.63333333,128.8666667
1761,PEVEK,페벡항,RU,Russia,69.71666667,170.3
1762,PORT DIKSON,디크손항,RU,Russia,73.5,80.51666667
1763,UST-PORT,우스트항,RU,Russia,69.66666667,84.43333333
1764,DUDINKA,두딘카항,RU,Russia,69.4,86.16666667
1765,IGARKA,이가르카항,RU,Russia,67.48333333,86.6
1766,MYS NOVYY PORT,미스 노비항,RU,Russia,67.66666667,72.9
1767,NAR YAN-MAR,나르얀마르항,RU,Russia,67.65,53
1768,MEZEN,메젠항,RU,Russia,65.83333333,44.18333333
1769,ARKHANGELS'K,아르한겔스크항,RU,Russia,64.53333333,40.53333333
1770,SIBOLGA,시볼가항,ID,Indonesia,1.733333333,98.76666667
1771,ULEELHEUE,울레헤우항,ID,Indonesia,5.566666667,95.28333333
1772,SABANG,사방항,ID,Indonesia,5.883333333,95.31666667
1773,BLANGLANCANG,블랑글란창항,ID,Indonesia,5.25,97.11666667
1774,PANGKALANSUSU,팡칼란수수항,ID,Indonesia,4.116666667,98.21666667
1775,MUAR,무아르항,MY,Malaysia,2.05,102.5666667
1776,DUMAI,두마이항,ID,Indonesia,1.683333333,101.45
1777,TRINCOMALEE HARBOR,트린코말리항,LK,Sri Lanka,8.55,81.21666667
1778,KANKESANTURAI,칸케산투라이항,LK,Sri Lanka,9.816666667,80.05
1779,TUTICORIN,투티코린항,IN,India,8.8,78.16666667
1780,NAGAPPATTINAM,나가파티남항,IN,India,10.76666667,79.85
1781,CUDDALORE,커다로어항,IN,India,11.71666667,79.76666667
1782,PONDICHERRY,퐁디셰리항,IN,India,11.93333333,79.83333333
1783,CHENNAI (MADRAS),첸나이항,IN,India,13.1,80.3
1784,MACHILIPATNAM,마칠리파트남항,IN,India,16.15,81.16666667
1785,KAKINADA BAY,카키나다항,IN,India,17,82.31666667
1786,VISHAKHAPATNAM,비사카파트남항,IN,India,17.68333333,83.3
1787,PARADIP,파라딥항,IN,India,20.26666667,86.68333333
1788,HALDIA PORT,할디아항,IN,India,22.01666667,88.08333333
1789,CALCUTTA,콜카타항,IN,India,22.55,88.33333333
1790,MONGLA,몽글라항,BD,Bangladesh,22.46666667,89.6
1791,CHITTAGONG,치타공항,BD,Bangladesh,22.31666667,91.81666667
1792,SITTWE,싯웨항,MM,Republic of the Union of Myanmar,20.13333333,92.9
1793,BASSEIN,바세인항,MM,Republic of the Union of Myanmar,16.78333333,94.73333333
1794,RANGOON,양곤항,MM,Republic of the Union of Myanmar,16.76666667,96.16666667
1795,MOULMEIN HARBOR,물메인항,MM,Republic of the Union of Myanmar,16.48333333,97.61666667
1796,MERGUI,메르귀항,MM,Republic of the Union of Myanmar,12.43333333,98.6
1797,PORT BLAIR,블레어항,IN,India,11.68333333,92.75
1798,PHUKET,푸켓항,TH,Thailand,7.833333333,98.4
1799,KRABI,끄라비항,TH,Thailand,8.066666667,98.91666667
1800,KANTANG HARBOR,칸탕항,TH,Thailand,7.4,99.51666667
1801,PORT KLANG,클랑항,MY,Malaysia,3,101.4
1802,PORT DICKSON,딕슨항,MY,Malaysia,2.533333333,101.7833333
1803,AMBES,앙베스항,FR,France,45.01666667,-0.533333333
1804,TEIGNMOUTH HARBOUR,테인머스항,GB,United Kingdom of Great Britain and Northern Ireland,50.55,-3.5
1805,BRIDPORT HARBOUR,브리드포트항,GB,United Kingdom of Great Britain and Northern Ireland,50.71666667,-2.766666667
1806,POOLE HARBOUR,풀항,GB,United Kingdom of Great Britain and Northern Ireland,50.68333333,-1.95
1807,SOUTHAMPTON,사우샘프턴항,GB,United Kingdom of Great Britain and Northern Ireland,50.9,-1.4
1808,SHOREHAM HARBOUR,쇼어햄항,GB,United Kingdom of Great Britain and Northern Ireland,50.81666667,-0.25
1809,DUNKERQUE PORT EST,덩케르크항,FR,France,51.05,2.383333333
1810,BOULOGNE-SUR-MER,불로뉴쉬르메르항,FR,France,50.73333333,1.6
1811,FECAMP,페캉항,FR,France,49.76666667,0.366666667
1812,HONFLEUR,옹플뢰르항,FR,France,49.41666667,0.216666667
1813,RADE DE CHERBOURG,셰르부르항,FR,France,49.65,-1.633333333
1814,DARTMOUTH HARBOUR,다트머스항,GB,United Kingdom of Great Britain and Northern Ireland,50.35,-3.616666667
1815,FISHGUARD,피시가드항,GB,United Kingdom of Great Britain and Northern Ireland,52.01666667,-4.983333333
1816,MILFORD HAVEN,밀퍼드헤이븐항,GB,United Kingdom of Great Britain and Northern Ireland,51.71666667,-5.033333333
1817,SWANSEA,스완지항,GB,United Kingdom of Great Britain and Northern Ireland,51.61666667,-3.95
1818,SEVERODVINSK,세베로드빈스크항,RU,Russia,64.56666667,39.78333333
1819,ONEGA,오네가항,RU,Russia,63.9,38.1
1820,BELOMORSK,벨로모르스크항,RU,Russia,64.53333333,34.8
1821,RABOCHEOSTROVSK,라보체오스트롭스크항,RU,Russia,64.98333333,34.78333333
1822,KERET,케렛항,RU,Russia,66.28333333,33.56666667
1823,KOVDA,코브다항,RU,Russia,66.68333333,32.86666667
1824,KANDALAKSHA,칸달락샤항,RU,Russia,67.13333333,32.41666667
1825,BOLSHAYA PIRYU GUBA,볼샤야피류항,RU,Russia,66.66666667,34.36666667
1826,OSTROVNOY GREMIKHA,오스트롭노이그레미카항,RU,Russia,68.05,39.51666667
1827,MURMANSK,무르만스크항,RU,Russia,68.98333333,33.05
1828,MYS ABRAM,아브람항,RU,Russia,68.98333333,33.03333333
1829,ELLEFSEN HARBOR,엘레프센항,AQ,Antarctica,-60.73333333,-45.03333333
1830,SCOTIA BAY,스코샤항,AQ,Antarctica,-60.75,-44.71666667
1831,ADMIRALTY BAY,애드미럴티항,AQ,Antarctica,-62.08333333,-58.41666667
1832,PORT FOSTER,포스터항,AQ,Antarctica,-62.95,-60.63333333
1833,PORT LOCKROY,록로이항,AQ,Antarctica,-64.81666667,-63.5
1834,MELCHIOR HARBOR,멜키오르항,AQ,Antarctica,-64.31666667,-63
1835,ANDERSEN HARBOR,안데르센항,AQ,Antarctica,-64.31666667,-62.93333333
1836,BUKHTA NAGAYEVA (MAGADAN),나가예바항,RU,Russia,59.56666667,150.7166667
1837,SOUTHWEST PASS,사우스웨스트패스항,US,United States of America,28.45,-90.7
1838,TRI-CITY PORT,트리시티항,US,United States of America,38.71666667,-90.2
1839,MOJI KO,모지항,JP,Japan,33.95,130.9666667
1840,KANDA,칸다항,JP,Japan,33.78333333,131.0166667
1841,OITA KO,오이타항,JP,Japan,33.25,131.6666667
1842,SAGANOSEKI KO,사가노세키항,JP,Japan,33.25,131.8666667
1843,TSUKUMI KO,쓰쿠미항,JP,Japan,33.08333333,131.8666667
1844,SAIKI KO,사이키항,JP,Japan,32.96666667,131.9333333
1845,HOSOSHIMA KO,호소시마항,JP,Japan,32.43333333,131.6666667
1846,KAGOSHIMA KO,가고시마항,JP,Japan,31.58333333,130.5666667
1847,SHIBUSHI WAN,시부시만항,JP,Japan,31.46666667,131.1
1848,KIIRE,키레항,JP,Japan,31.38333333,130.55
1849,MINAMATA KO,미나마타항,JP,Japan,32.2,130.3833333
1850,YATSUSHIRO KO,야쓰시로항,JP,Japan,32.5,130.5333333
1851,MISUMI KO,미스미항,JP,Japan,32.6,130.4666667
1852,MIIKE KO,미이케항,JP,Japan,33,130.4166667
1853,NAGASAKI,나가사키항,JP,Japan,32.71666667,129.85
1854,SASEBO,사세보항,JP,Japan,33.16666667,129.7166667
1855,IMARI,이마리항,JP,Japan,33.28333333,129.8833333
1856,MELAKA,말라카항,MY,Malaysia,2.2,102.25
1857,COLOMBO,콜롬보항,LK,Sri Lanka,6.95,79.85
1858,GALLE HARBOR,갈레항,LK,Sri Lanka,6.016666667,80.21666667
1859,BANDAR-E MAHSHAHR,반다르에마샤르항,IR,Iran (Islamic Republic of),30.46666667,49.18333333
1860,BANDAR KHOMEYNI,반다르호메이니항,IR,Iran (Islamic Republic of),30.43333333,49.08333333
1861,KHARG ISLAND OIL TERMINAL,카르그 오일 터미널항,IR,Iran (Islamic Republic of),29.23333333,50.33333333
1862,SIRUS OIL TERMINAL,시루스 오일 터미널항,IR,Iran (Islamic Republic of),29.01666667,49.48333333
1863,BUSHEHR,부셰르항,IR,Iran (Islamic Republic of),28.98333333,50.83333333
1864,JAZIREH-YE LAVAN OIL TERMINAL,라반 오일 터미널항,IR,Iran (Islamic Republic of),26.78333333,53.33333333
1865,JAZIREH-YE HORMOZ,호르무즈 오일 터미널항,IR,Iran (Islamic Republic of),27.1,56.45
1866,JAZIREH-YE SIRRI,시리 오일 터미널항,IR,Iran (Islamic Republic of),25.9,54.55
1867,CHAH BAHAR,차바하르항,IR,Iran (Islamic Republic of),25.26666667,60.61666667
1868,KARACHI,카라치항,PK,Pakistan,24.78333333,66.98333333
1869,MUHAMAMAD BIN QASIM,무함마드 빈 카심항,PK,Pakistan,24.76666667,67.35
1870,MANDVI,만드비항,IN,India,22.83333333,69.35
1871,OKHA,오카항,IN,India,22.46666667,69.08333333
1872,VERAVAL,베라발항,IN,India,20.9,70.36666667
1873,BHAVNAGAR,바브나가르항,IN,India,21.76666667,72.23333333
1874,MUMBAI (BOMBAY),뭄바이항(봄베이),IN,India,18.96666667,72.86666667
1875,JAWAHARLAL NEHRU PORT (NHAVA SHIVA),자와할랄 네루항(나바시바),IN,India,18.95,72.95
1876,MARMAGAO,마르마가오항,IN,India,15.43333333,73.8
1877,KARWAR,카르와르항,IN,India,14.81666667,74.11666667
1878,AZHIKAL (AZHIKKAL),아지칼항,IN,India,11.91666667,75.3
1879,CALICUT (KOZHIKODE),칼리컷항(코지코데),IN,India,11.25,75.76666667
1880,BEYPORE,베이포르항,IN,India,11.16666667,75.8
1881,KOCHI (COCHIN),코치항,IN,India,9.966666667,76.23333333
1882,QUILON (KOLLAM),콜람항,IN,India,8.883333333,76.58333333
1883,KOLACHEL,콜라첼항,IN,India,8.166666667,77.25
1884,NEATH,니스항,GB,United Kingdom of Great Britain and Northern Ireland,51.63333333,-3.833333333
1885,PORT TALBOT,탈보트항,GB,United Kingdom of Great Britain and Northern Ireland,51.58333333,-3.816666667
1886,BARRY,배리항,GB,United Kingdom of Great Britain and Northern Ireland,51.4,-3.266666667
1887,CARDIFF,카디프항,GB,United Kingdom of Great Britain and Northern Ireland,51.45,-3.166666667
1888,NEWPORT,뉴포트항,GB,United Kingdom of Great Britain and Northern Ireland,51.55,-2.983333333
1889,SHARPNESS,샤프니스항,GB,United Kingdom of Great Britain and Northern Ireland,51.71666667,-2.483333333
1890,AVONMOUTH,애번머스항,GB,United Kingdom of Great Britain and Northern Ireland,51.5,-2.716666667
1891,BRISTOL,브리스톨항,GB,United Kingdom of Great Britain and Northern Ireland,51.46666667,-2.633333333
1892,BRIDGWATER,브리지워터항,GB,United Kingdom of Great Britain and Northern Ireland,51.13333333,-3
1893,WATCHET HARBOR,왓셋항,GB,United Kingdom of Great Britain and Northern Ireland,51.18333333,-3.333333333
1894,BIDEFORD,바이드포드항,GB,United Kingdom of Great Britain and Northern Ireland,51.03333333,-4.2
1895,PADSTOW,패드스토우항,GB,United Kingdom of Great Britain and Northern Ireland,50.55,-4.933333333
1896,HAYLE,헤일항,GB,United Kingdom of Great Britain and Northern Ireland,50.18333333,-5.416666667
1897,NEWLYN,뉴린항,GB,United Kingdom of Great Britain and Northern Ireland,50.1,-5.55
1898,FALMOUTH HARBOUR,폴머스항,GB,United Kingdom of Great Britain and Northern Ireland,50.15,-5.066666667
1899,CHARLESTOWN,찰스타운항,GB,United Kingdom of Great Britain and Northern Ireland,50.33333333,-4.75
1900,PAR,파항,GB,United Kingdom of Great Britain and Northern Ireland,50.35,-4.7
1901,HOLYHEAD,홀리헤드항,GB,United Kingdom of Great Britain and Northern Ireland,53.31666667,-4.633333333
1902,CAERNARVON,카이나폰항,GB,United Kingdom of Great Britain and Northern Ireland,53.15,-4.266666667
1903,SLIGO,슬라고항,IE,Ireland,54.26666667,-8.466666667
1904,WESTPORT,웨스트포트항,IE,Ireland,53.8,-9.533333333
1905,GALWAY,골웨이항,IE,Ireland,53.26666667,-9.05
1906,LIMERICK,리머릭항,IE,Ireland,52.63333333,-8.616666667
1907,FOYNES,포인스항,IE,Ireland,52.61666667,-9.116666667
1908,TARBERT,터버트항,IE,Ireland,52.58333333,-9.366666667
1909,FENIT,페닛항,IE,Ireland,52.26666667,-9.866666667
1910,BANTRY,반트리항,IE,Ireland,51.68333333,-9.45
1911,COBH,코브항,IE,Ireland,51.85,-8.3
1912,CORK,코크항,IE,Ireland,51.85,-8.266666667
1913,WATERFORD,워터포드항,IE,Ireland,52.26666667,-7.116666667
1914,ROSSLARE,로슬레어항,IE,Ireland,52.25,-6.333333333
1915,KARATSU,가라쓰항,JP,Japan,33.48333333,129.9666667
1916,HAKATA,하카타항,JP,Japan,33.6,130.4
1917,IZUHARA,이즈하라항,JP,Japan,34.2,129.3
1918,KIN WAN,킨완항,JP,Japan,26.41666667,127.9
1919,NAHA KO,나하항,JP,Japan,26.21666667,127.6833333
1920,HIRARA KO,히라라항,JP,Japan,24.8,125.2833333
1921,ISHIGAKI,이시가키항,JP,Japan,24.33333333,124.1666667
1922,OKHOTSK IY REYD,옥호츠키레이드항,RU,Russia,59.36666667,143.2
1923,WAKAMATSU KO,와카마쓰항,JP,Japan,33.9,130.8166667
1924,HAGI KO,하지항,JP,Japan,34.41666667,131.4
1925,HAMADA KO,하마다항,JP,Japan,34.9,132.0833333
1926,SAKAI KO,사카이항,JP,Japan,35.55,133.25
1927,MIYAZU,미야즈항,JP,Japan,35.53333333,135.2
1928,MAIZURU KO,마이즈루항,JP,Japan,35.51666667,135.3333333
1929,KANAZAWA,가나자와항,JP,Japan,36.61666667,136.6
1930,NANAO KO,나나오항,JP,Japan,37.05,136.9833333
1931,NIIGATA KO,니가타항,JP,Japan,37.91666667,139.05
1932,RYOTU KO,료츠항,JP,Japan,38.08333333,138.5666667
1933,SAKATA KO,사카타항,JP,Japan,38.93333333,139.8166667
1934,AKITA-FUNAKAWA KO,아키타후나카와항,JP,Japan,39.83333333,140
1935,HANNAN KO,한난항,JP,Japan,34.46666667,135.35
1936,TAKAMATSU,다카마쓰항,JP,Japan,34.35,134.05
1937,KOMATSUSHIMA,고마쓰시마항,JP,Japan,34.01666667,134.6
1938,TACHIBANA,타치바나항,JP,Japan,33.86666667,134.6666667
1939,KOCHI KO,고치항,JP,Japan,33.5,133.5666667
1940,SUSAKI KO,스사키항,JP,Japan,33.38333333,133.3
1941,UWAJIMA KO,우와지마항,JP,Japan,33.21666667,132.5666667
1942,YAWATAHAMA,야와타하마항,JP,Japan,33.45,132.4166667
1943,MATSUYAMA,마츠야마항,JP,Japan,33.85,132.7
1944,KIKUMA KO,키쿠마항,JP,Japan,34.03333333,132.8333333
1945,MUTUREZIMA KO,무츠레지마항,JP,Japan,33.96666667,130.8666667
1946,IMABARI KO,이마바리항,JP,Japan,34.06666667,133.0166667
1947,NIIHAMA,니이하마항,JP,Japan,33.98333333,133.2833333
1948,MISHIMA-KAWANOE KO,미시마카와노에항,JP,Japan,34,133.55
1949,MALE,말레항,MV,Maldives,4.166666667,73.5
1950,ABADAN,아바단항,IR,Iran (Islamic Republic of),30.33333333,48.28333333
1951,MINA RAYSUT,미나라이수트항,OM,Oman,16.93333333,54.01666667
1952,MINA QABUS,미나카부스항,OM,Oman,23.63333333,58.58333333
1953,MINA AL FAHL,미나알파흘항,OM,Oman,23.63333333,58.51666667
1954,FUJAYRAH HARBOR,후자이라항,AE,United Arab Emirates,25.16666667,56.33333333
1955,KHAWR FAKKAN,카우르파칸항,AE,United Arab Emirates,25.35,56.38333333
1956,MINA SAQR,미나사크르항,AE,United Arab Emirates,25.98333333,56.05
1957,FATEH OIL TERMINAL,파테 오일 터미널항,AE,United Arab Emirates,25.58333333,54.41666667
1958,MUBARRAZ OIL TERMINAL,무바라즈 오일 터미널항,AE,United Arab Emirates,24.43333333,53.51666667
1959,AL HAMRIYAH LPG TERMINAL,알함리야 LPG 터미널항,AE,United Arab Emirates,25.46666667,55.48333333
1960,DUBAYY,두바이항,AE,United Arab Emirates,25.26666667,55.3
1961,MINA JABAL ALI,자발알리항,AE,United Arab Emirates,25.01666667,55.05
1962,JAZIRAT DAS,다스항,AE,United Arab Emirates,25.15,52.86666667
1963,ABU ZABY,아부다비항,AE,United Arab Emirates,24.5,54.33333333
1964,UMM AN NAR,움안나르항,AE,United Arab Emirates,24.45,54.48333333
1965,JABAL AZ ZANNAH/RUWAYS,자발아즈자나/루와이스항,AE,United Arab Emirates,24.2,52.7
1966,UMM SAID,움사이드항,QA,Qatar,24.91666667,51.56666667
1967,DOHA,도하항,QA,Qatar,25.28333333,51.53333333
1968,JAZIRAT HALUL,할룰항,QA,Qatar,25.68333333,52.41666667
1969,SITRAH,시트라항,BH,Bahrain,26.16666667,50.66666667
1970,MINA SALMAN,살만항,BH,Bahrain,26.2,50.63333333
1971,DAMMAM,담맘항,SA,Saudi Arabia,26.5,50.2
1972,AL JUBAYL,알주바일항,SA,Saudi Arabia,27.08333333,49.66666667
1973,RAS  TANNURAH,라스탄누라항,SA,Saudi Arabia,26.63333333,50.16666667
1974,JU AYMAH OIL TERMINAL,주아이마 오일 터미널항,SA,Saudi Arabia,26.93333333,50.03333333
1975,MINA AZ ZAWR,아즈자우어항,KW,Kuwait,28.73333333,48.4
1976,MINA ASH SHUAYBAH,아슈슈에이바항,KW,Kuwait,29.03333333,48.16666667
1977,MINA ABD ALLAH,압드알라항,KW,Kuwait,29.01666667,48.16666667
1978,MINA AL AHMADI,알아흐마디항,KW,Kuwait,29.06666667,48.16666667
1979,KHAWR AL AMAYA,알아마야항,IQ,Iraq,29.78333333,48.8
1980,AL-BASRA OIL TERMINAL,알바스라오일터미널항,IQ,Iraq,29.68333333,48.81666667
1981,UMM QASR,움까스르항,IQ,Iraq,30.01666667,47.95
1982,AL BASRAH,바스라항,IQ,Iraq,30.51666667,47.83333333
1983,KHORRAMSHAHR,호람샤흐르항,IR,Iran (Islamic Republic of),30.43333333,48.18333333
1984,AL AHMADI,알아흐마디항,YE,Yemen,14.83333333,42.96666667
1985,ADEN,아덴항,YE,Yemen,12.78333333,44.95
1986,AL MUKALLA,알무칼라항,YE,Yemen,14.51666667,49.11666667
1987,DUBLIN,더블린항,IE,Ireland,53.35,-6.25
1988,GREENORE,그리노어항,IE,Ireland,54.03333333,-6.133333333
1989,SILLOTH,실러스항,GB,United Kingdom of Great Britain and Northern Ireland,54.86666667,-3.4
1990,WORKINGTON,워킹턴항,GB,United Kingdom of Great Britain and Northern Ireland,54.56666667,-3.633333333
1991,BARROW IN FURNESS,배러인퍼니스항,GB,United Kingdom of Great Britain and Northern Ireland,54.11666667,-3.233333333
1992,HEYSHAM,헤이샴항,GB,United Kingdom of Great Britain and Northern Ireland,54.03333333,-2.916666667
1993,FLEETWOOD,플리트우드항,GB,United Kingdom of Great Britain and Northern Ireland,53.91666667,-3.016666667
1994,LIVERPOOL,리버풀항,GB,United Kingdom of Great Britain and Northern Ireland,53.41666667,-3
1995,MANCHESTER,맨체스터항,GB,United Kingdom of Great Britain and Northern Ireland,53.48333333,-2.266666667
1996,RATHMULLAN,라스멀런항,IE,Ireland,55.1,-7.533333333
1997,KILLYBEGS,킬리베그스항,IE,Ireland,54.63333333,-8.45
1998,MALLAIG,말레이항,GB,United Kingdom of Great Britain and Northern Ireland,57,-5.816666667
1999,TOBERMORY,토버모리항,GB,United Kingdom of Great Britain and Northern Ireland,56.61666667,-6.066666667
2000,CRAIGNURE,크레이그뉴어항,GB,United Kingdom of Great Britain and Northern Ireland,56.46666667,-5.7
2001,FJALLBACKA,피알바카항,SE,Sweden,58.6,11.28333333
2002,BOVALLSTRAND,보발스트란드항,SE,Sweden,58.48333333,11.33333333
2003,HUNNEBOSTRAND,훈네보스트란드항,SE,Sweden,58.43333333,11.3
2004,LYSEKIL,뤼세킬항,SE,Sweden,58.26666667,11.43333333
2005,UDDEVALLA,우데발라항,SE,Sweden,58.35,11.91666667
2006,MARSTRAND,마스트란드항,SE,Sweden,57.88333333,11.58333333
2007,GOTEBORG,예테보리항,SE,Sweden,57.7,11.96666667
2008,VARBERG,바르베리항,SE,Sweden,57.11666667,12.25
2009,FALKENBERG,팔켄베리항,SE,Sweden,56.9,12.5
2010,HALMSTAD,할름스타드항,SE,Sweden,56.66666667,12.86666667
2011,HOGANAS,휘오가나스항,SE,Sweden,56.2,12.55
2012,HELSINGBORG,헬싱보리항,SE,Sweden,56.05,12.7
2013,LANDSKRONA,란드스크로나항,SE,Sweden,55.86666667,12.83333333
2014,MALMO,말뫼항,SE,Sweden,55.61666667,13
2015,KANTLAX,칸트락스항,FI,Finland,63.41666667,22.28333333
2016,LIMHAMN,림함항,SE,Sweden,55.58333333,12.93333333
2017,TRELLEBORG,트렐레보리항,SE,Sweden,55.36666667,13.15
2018,YSTAD,이스타드항,SE,Sweden,55.43333333,13.83333333
2019,SIMRISHAMN,심리샴항,SE,Sweden,55.55,14.36666667
2020,AHUS,아후스항,SE,Sweden,55.93333333,14.31666667
2021,SOLVESBORG,솔베스보리항,SE,Sweden,56.05,14.58333333
2022,KARLSHAMN,칼스함항,SE,Sweden,56.16666667,14.86666667
2023,RONNEBY,론네뷔항,SE,Sweden,56.18333333,15.3
2024,KARLSKRONA,칼스크로나항,SE,Sweden,56.16666667,15.6
2025,BERGKVARA,베리크바라항,SE,Sweden,56.38333333,16.1
2026,KALMAR,칼마르항,SE,Sweden,56.66666667,16.36666667
2027,STORA JATTERSON,스토라예트손항,SE,Sweden,57.1,16.56666667
2028,TOFTE,토프테항,NO,Norway,59.55,10.56666667
2029,KAMBO,캄보항,NO,Norway,59.46666667,10.68333333
2030,HUSNES,후스네스항,NO,Norway,59.86666667,5.766666667
2031,VIEUX FORT,뷔외포르항,LC,-,13.71666667,-60.96666667
2032,CASTRIES,카스트리즈항,LC,-,14.01666667,-61
2033,BRIDGETOWN,브리지타운항,BB,Barbados,13.1,-59.63333333
2034,SCARBOROUGH,스카버러항,TT,Trinidad and Tobago,11.18333333,-60.73333333
2035,CHAGUARAMAS,차과라마스항,TT,Trinidad and Tobago,10.68333333,-61.65
2036,POINT LISAS PORT,리사스항,TT,Trinidad and Tobago,10.38333333,-61.48333333
2037,POINT LISAS INDUSTRIAL PORT,리사스인더스트리항,TT,Trinidad and Tobago,10.4,-61.5
2038,BRIGHTON,브라이튼항,TT,Trinidad and Tobago,10.25,-61.63333333
2039,POINT FORTIN,포르틴항,TT,Trinidad and Tobago,10.2,-61.7
2040,GOTO OIL TERMINAL,고토항,BQ,-,12.21666667,-68.38333333
2041,CARACASBAAI,카라카스항,CW,-,12.06666667,-68.86666667
2042,WILLEMSTAD,빌렘스타트항,CW,-,12.11666667,-68.93333333
2043,BULLEN BAAI,불런항,CW,-,12.18333333,-69.03333333
2044,PAARDEN BAAI - (ORANJESTAD),파르덴항,AW,Aruba,12.51666667,-70.03333333
2045,TURBO,투르보항,CO,Colombia,8.083333333,-76.73333333
2046,COVENAS,코베나스항,CO,Colombia,9.416666667,-75.68333333
2047,CARTAGENA,카르타헤나항,CO,Colombia,10.41666667,-75.53333333
2048,SANTA MARTA,산타마르타항,CO,Colombia,11.25,-74.21666667
2049,POINTE A PITRE,포앙트아피트르항,GP,Guadeloupe,16.23333333,-61.53333333
2050,SANCHEZ,산체스항,DO,Dominican Republic,19.23333333,-69.61666667
2051,LA ROMANA,라로마나항,DO,Dominican Republic,18.41666667,-68.96666667
2052,SAN PEDRO DE MACORIS,산페드로데마코리스항,DO,Dominican Republic,18.45,-69.31666667
2053,ANDRES (ANDRES LGN TERMINAL),안드레스항,DO,Dominican Republic,18.43333333,-69.63333333
2054,SANTO DOMINGO,산토도밍고항,DO,Dominican Republic,18.46666667,-69.88333333
2055,PUERTO DE HAINA,하이나항,DO,Dominican Republic,18.41666667,-70.01666667
2056,LAS CALDERAS,라스칼데라스항,DO,Dominican Republic,18.21666667,-70.51666667
2057,PUERTO VIEJO DE AZUA,비에호아수아항,DO,Dominican Republic,18.35,-70.83333333
2058,ARGENTIA,아르젠티아항,CA,Canada,47.3,-53.98333333
2059,ROCKLAND,록랜드항,CA,Canada,45.55,-75.3
2060,RODDICKTON,로딕턴항,CA,Canada,50.86666667,-56.13333333
2061,WESTPORT COVE,웨스트포트항,CA,Canada,49.78333333,-56.61666667
2062,SEAL COVE,씰항,CA,Canada,49.93333333,-56.38333333
2063,LITTLE BAY,리틀항,CA,Canada,49.61666667,-56
2064,TWILLINGATE HARBOR,트윌링게이트항,CA,Canada,49.66666667,-54.76666667
2065,BONAVISTA HARBOR,보나비스타항,CA,Canada,48.65,-53.11666667
2066,CATALINA HARBOR,카탈리나항,CA,Canada,48.5,-53.08333333
2067,PORT UNION,유니언항,CA,Canada,48.5,-53.08333333
2068,CLARENVILLE,클래런빌항,CA,Canada,48.15,-53.95
2069,CARBONEAR BAY,카보니어항,CA,Canada,47.73333333,-53.21666667
2070,HARBOR GRACE,그레이스항,CA,Canada,47.68333333,-53.21666667
2071,ST JOHN'S,세인트존스항,CA,Canada,47.56666667,-52.7
2072,TREPASSEY HARBOR,트레패시항,CA,Canada,46.73333333,-53.4
2073,KEFLAVIK,케플라비크항,IS,Iceland,64,-22.55
2074,HAFNARFJORDUR,하프나르피요르뒤르항,IS,Iceland,64.06666667,-21.95
2075,REYKJAVIK,레이캬비크항,IS,Iceland,64.15,-21.93333333
2076,BILDUDALUR,빌두달루르항,IS,Iceland,65.68333333,-23.6
2077,BLONDUOS,블론두오스항,IS,Iceland,65.66666667,-20.3
2078,SIGLUFJORHURD,시글뤼피요르뒤르항,IS,Iceland,66.15,-18.91666667
2079,OLAFSFJORDHUR,올라프스피요르뒤르항,IS,Iceland,66.08333333,-18.63333333
2080,KIMCH'AEK,김책항,KP,Korea (Democratic People's Republic of),40.66666667,129.2
2081,NAJIN,나진항,KP,Korea (Democratic People's Republic of),42.23333333,130.3
2082,SENBONG,센봉항,KP,Korea (Democratic People's Republic of),42.33333333,130.4
2083,PAAMUIT (FREDERIKSHAB),파아무잇항(프레데릭샤브),GL,Greenland,62,-49.66666667
2084,KARAIKAL PORT,카라이칼항,IN,India,10.83333333,79.86666667
2085,KANGERLUARSORUSEQ,캥어루아르소루섹항,GL,Greenland,63.7,-51.55
2086,PYEONGTAEK HANG,평택항,KR,Republic of Korea,37,126.8
2087,ATTU,아투항,GL,Greenland,67.95,-53.73333333
2088,JINZHOU WAN,진저우항,CN,China,40.75,121.1
2089,QINHUANGDAO,친황다오항,CN,China,39.93333333,119.6166667
2090,ILLULISSAT (JAKOBSHAVN),일룰리삿항(야콥스하븐),GL,Greenland,69.21666667,-51.1
2091,PENZANCE,펜잔스항,GB,United Kingdom of Great Britain and Northern Ireland,50.11666667,-5.533333333
2092,SHANGHAI,상하이항,CN,China,31.21666667,121.5
2093,MEVAGISSEY,메바지세항,GB,United Kingdom of Great Britain and Northern Ireland,50.26666667,-4.783333333
2094,QASIGIANNGUIT-CHRISTIANSHAB,카시기앙귀트항,GL,Greenland,68.81666667,-51.18333333
2095,FOWEY HARBOUR,포위항,GB,United Kingdom of Great Britain and Northern Ireland,50.33333333,-4.633333333
2096,PITUFFIK (THULE AIR BASE),피투피크항(툴레 에어 베이스),GL,Greenland,76.53333333,-68.86666667
2097,PLYMOUTH,플리머스항,GB,United Kingdom of Great Britain and Northern Ireland,50.36666667,-4.15
2098,BRIXHAM HARBOUR,브릭셤항,GB,United Kingdom of Great Britain and Northern Ireland,50.4,-3.516666667
2099,HAUGESUND,하우게순드항,NO,Norway,59.41666667,5.266666667
2100,KOPERVIK,코페르빅항,NO,Norway,59.28333333,5.316666667
2101,KARSTO,카르스퇴항,NO,Norway,59.26666667,5.516666667
2102,ESPEVAER,에스페베르항,NO,Norway,59.58333333,5.15
2103,SAUDA,사우다항,NO,Norway,59.65,6.35
2104,AKRAHAMN,아크라함항,NO,Norway,59.26666667,5.183333333
2105,SANDNES,산네스항,NO,Norway,58.85,5.75
2106,STAVANGER,스타방에르항,NO,Norway,58.96666667,5.75
2107,SKUDENESHAVN,스쿠데네스하픈항,NO,Norway,59.15,5.266666667
2108,TANANGER,타낭에르항,NO,Norway,58.93333333,5.583333333
2109,EGERSUND,에게르순드항,NO,Norway,58.45,6
2110,REKEFJORD,레케피오르항,NO,Norway,58.33333333,6.266666667
2111,KIRKEHAMN,키르케함엔항,NO,Norway,58.23333333,6.533333333
2112,FLEKKEFJORDEN,플레케피오르덴항,NO,Norway,58.3,6.666666667
2113,FARSUND,파르순드항,NO,Norway,58.08333333,6.816666667
2114,STUSVIK,스투스비크항,NO,Norway,58,7.033333333
2115,MANDAL,망달항,NO,Norway,58.01666667,7.466666667
2116,KRISTIANSAND,크리스티안산드항,NO,Norway,58.15,8
2117,ARENDAL,아렌달항,NO,Norway,58.46666667,8.766666667
2118,TVEDESTRAND,트베데스트란드항,NO,Norway,58.61666667,8.933333333
2119,RISOR,리스뢰르항,NO,Norway,58.71666667,9.233333333
2120,KRAGERO,크래게뢰항,NO,Norway,58.86666667,9.416666667
2121,BREVIK,브레빅항,NO,Norway,59.06666667,9.7
2122,PORSGRUNN,포르스그룬항,NO,Norway,59.15,9.666666667
2123,SKIEN,스키엔항,NO,Norway,59.2,9.6
2124,LARVIK,라르비크항,NO,Norway,59.05,10.03333333
2125,SANDEFJORDEN,산데피요르덴항,NO,Norway,59.11666667,10.23333333
2126,TONSBERG,툰스베르항,NO,Norway,59.28333333,10.41666667
2127,VALLOY,발뢰항,NO,Norway,59.26666667,10.5
2128,SLAGENSTANGEN,슬라겐스탄겐항,NO,Norway,59.31666667,10.51666667
2129,HORTEN,호르텐항,NO,Norway,59.41666667,10.5
2130,HOLMESTRAND,홈스트란드항,NO,Norway,59.48333333,10.3
2131,SVELVIK,스벨비크항,NO,Norway,59.61666667,10.4
2132,DRAMMEN,드라멘항,NO,Norway,59.73333333,10.25
2133,STORSTEILENE,스토르스테일렌항,NO,Norway,59.81666667,10.6
2134,OSLO,오슬로항,NO,Norway,59.91666667,10.75
2135,DROBAK,드뢰백항,NO,Norway,59.66666667,10.65
2136,MOSTERHAMN,모스테르함항,NO,Norway,59.7,5.4
2137,SAGVAG,삭보그항,NO,Norway,59.76666667,5.383333333
2138,LEIRVIK,레이르비크항,NO,Norway,59.78333333,5.5
2139,MOSJOEN,모스연항,NO,Norway,65.83333333,13.2
2140,TJOTTA,치오타항,NO,Norway,65.83333333,12.43333333
2141,BRONNOYSUND,브뢴뇌순드항,NO,Norway,65.46666667,12.2
2142,BERG,베르크항,NO,Norway,65.36666667,12.2
2143,RORVIK,뢰르비크항,NO,Norway,64.86666667,11.25
2144,SALSBRUKET,살스브루켓항,NO,Norway,64.8,11.86666667
2145,SANTA CRUZ DE BARAHONA,산타크루스데바라오나항,DO,Dominican Republic,18.2,-71.08333333
2146,CABO ROJO,카보로호항,DO,Dominican Republic,17.91666667,-71.65
2147,AGUADILLA,아과디야항,PR,Puerto Rico,18.43333333,-67.15
2148,ARECIBO,아레시보항,PR,Puerto Rico,18.48333333,-66.7
2149,SAN JUAN,산후안항,PR,Puerto Rico,18.46666667,-66.11666667
2150,BAHIA DE FAJARDO,파하르도항,PR,Puerto Rico,18.33333333,-65.63333333
2151,ENSENADA HONDA,엔세나다혼다항,PR,Puerto Rico,18.23333333,-65.63333333
2152,PLAYA DE HUMACAO,후마카오항,PR,Puerto Rico,18.16666667,-65.75
2153,PUERTO YABUCOA,야부코아항,PR,Puerto Rico,18.05,-65.83333333
2154,ARROYO,아로요항,PR,Puerto Rico,17.96666667,-66.06666667
2155,BAHIA DE JOBOS,호보스항,PR,Puerto Rico,17.95,-66.18333333
2156,LAS MAREAS,라스마레아스항,PR,Puerto Rico,17.95,-66.16666667
2157,PLAYA DE PONCE,퐁세항,PR,Puerto Rico,17.98333333,-66.61666667
2158,PLAYA DE GUAYANILLA,과야닐라항,PR,Puerto Rico,18.01666667,-66.76666667
2159,PLAYA DE GUANICA,과니카항,PR,Puerto Rico,17.96666667,-66.91666667
2160,MAYAGUEZ,마야게스항,PR,Puerto Rico,18.2,-67.15
2161,CHARLOTTE AMALIE,샬롯아말리에항,VI,United States Virgin Islands,18.35,-64.93333333
2162,CRUZ BAY,크루즈항,VI,United States Virgin Islands,18.33333333,-64.8
2163,FREDERIKSTED,프레데릭스테드항,VI,United States Virgin Islands,17.71666667,-64.88333333
2164,LIMETREE BAY,라임트리항,VI,United States Virgin Islands,17.7,-64.75
2165,CHRISTIANSTED,크리스천스테드항,VI,United States Virgin Islands,17.75,-64.7
2166,ROAD HARBOR,로드항,VG,British Virgin Islands,18.41666667,-64.61666667
2167,BAIE DU MARIGOT,마리고항,FR,France,18.06666667,-63.08333333
2168,GUSTAVIA,구스타비아항,GP,Guadeloupe,17.9,-62.85
2169,ORANJESTAD,오란예스타드항,BQ,-,17.48333333,-62.98333333
2170,BASSETERRE,바세테르항,KN,Saint Kitts and Nevis,17.3,-62.71666667
2171,ST JOHNS,세인트존스항,AG,Antigua and Barbuda,17.11666667,-61.85
2172,MEDIA LUNA,메디알루나항,CU,Cuba,20.15,-77.43333333
2173,CEIBA HUECA,세이바웨카항,CU,Cuba,20.21666667,-77.31666667
2174,MANZANILLO,만사니요항,CU,Cuba,20.35,-77.11666667
2175,JUCARO,후카로항,CU,Cuba,21.61666667,-78.85
2176,TUNAS DE ZAZA,투나스데사자항,CU,Cuba,21.63333333,-79.55
2177,CASILDA,카실다항,CU,Cuba,21.75,-79.98333333
2178,AKUREYRI,아쿠레이리항,IS,Iceland,65.68333333,-18.08333333
2179,KOPASKER,코파스케르항,IS,Iceland,66.28333333,-16.45
2180,VOPNAFJORDHUR,보프나피요르뒤르항,IS,Iceland,65.75,-14.83333333
2181,SEYDHISFJORDHUR,세이디스피요르뒤르항,IS,Iceland,65.26666667,-14
2182,ESKIFJORDHUR,에스키피요르뒤르항,IS,Iceland,65.06666667,-14.01666667
2183,HORNABJORDUR,호르나비요르뒤르항,IS,Iceland,64.25,-15.23333333
2184,NANORTALIK HAVN,나노르탈릭항,GL,Greenland,60.11666667,-45.2
2185,QAQURTOQ,카쿠르톡항,GL,Greenland,60.71666667,-46.05
2186,NARSAQ,나르삭항,GL,Greenland,60.91666667,-46.05
2187,NARSARSSUAQ,나르사르수아크항,GL,Greenland,61.15,-45.43333333
2188,GRONNEDAL (KANGILINNGUIT),그뢴데알항,GL,Greenland,61.23333333,-48.1
2189,NUUK,누크항,GL,Greenland,64.18333333,-51.75
2190,MANIITSOQ,마니이츠혹항,GL,Greenland,65.41666667,-52.91666667
2191,KANGAMIUT,캉가미우트항,GL,Greenland,65.81666667,-53.3
2192,SISIMIUT,시시미우트항,GL,Greenland,66.91666667,-53.7
2193,KANGERLUSUAQ,캉게를수아크항,GL,Greenland,66.96666667,-50.95
2194,AASIAAT,아시아트항,GL,Greenland,68.7,-52.86666667
2195,QEQERTARSUAQ,케케르타르수아크항,GL,Greenland,69.23333333,-53.53333333
2196,NIAQORNAT,니아오르낫항,GL,Greenland,70.8,-53.66666667
2197,UUMMANNAQ HARBOR,움만낙항,GL,Greenland,70.68333333,-52.15
2198,KAJALLEQ UPERNAVIK,카잘렉우페르나빅항,GL,Greenland,72.15,-55.53333333
2199,UPERNAVIK,우페르나빅항,GL,Greenland,72.76666667,-56.15
2200,POND INLET,폰드인렛항,CA,Canada,72.75,-76.75
2201,PADLOPING ISLAND,패드로핑섬항,CA,Canada,67.03333333,-62.73333333
2202,PANGNIRTUNG,팽니르텅항,CA,Canada,66.13333333,-65.75
2203,AKSAZ LIMANI,악사즈항,TR,Turkey,36.83333333,28.38333333
2204,COCKBURN TOWN,콕번타운항,BS,Bahamas,24.05,-74.53333333
2205,ROCKY POINT,로키포인트항,JM,Jamaica,17.81666667,-77.15
2206,PUNTA NIZAO OIL TERMINAL,푼타니사오 오일터미널항,DO,Dominican Republic,18.2,-70.2
2207,PUERTO BOTADO,보타도항,DO,Dominican Republic,19.2,-69.45
2208,COLES BAY OIL TERMINAL,콜스베이 오일터미널항,SX,Sint Maarten,18.01666667,-63.08333333
2209,TORQUAY HARBOUR,토키항,GB,United Kingdom of Great Britain and Northern Ireland,50.46666667,-3.533333333
2210,SKERJAFJORDUR,스케르야피요르뒤르항,IS,Iceland,64.15,-22.01666667
2211,PORTLAND HARBOUR,포틀랜드항,GB,United Kingdom of Great Britain and Northern Ireland,50.58333333,-2.433333333
2212,GRUNDARTANGI,그룬다르탕기항,IS,Iceland,64.26666667,-22
2213,WEYMOUTH HARBOUR,웨이머스항,GB,United Kingdom of Great Britain and Northern Ireland,50.61666667,-2.45
2214,COWES HARBOUR,코우스항,GB,United Kingdom of Great Britain and Northern Ireland,50.76666667,-1.3
2215,YARMOUTH HARBOUR,얌머스항,GB,United Kingdom of Great Britain and Northern Ireland,50.7,-1.5
2216,FAWLEY MARINE TERMINAL,포울리 해양터미널항,GB,United Kingdom of Great Britain and Northern Ireland,50.81666667,-1.333333333
2217,PORTSMOUTH HARBOUR,포츠머스항,GB,United Kingdom of Great Britain and Northern Ireland,50.8,-1.1
2218,LITTLEHAMPTON HARBOUR,리틀햄튼항,GB,United Kingdom of Great Britain and Northern Ireland,50.78333333,-0.533333333
2219,THINGEYRI,팅에이리항,IS,Iceland,65.88333333,-23.48333333
2220,ISAFJORDUR,이사피요르뒤르항,IS,Iceland,66.06666667,-23.11666667
2221,SKAGASTROND,스카가스트룬드항,IS,Iceland,65.83333333,-20.31666667
2222,SAUDARKROKUR,사우다크로쿠르항,IS,Iceland,65.75,-19.66666667
2223,HUSAVIK,후사빅항,IS,Iceland,66.03333333,-17.33333333
2224,NAMSOS,남소스항,NO,Norway,64.46666667,11.5
2225,MALM,말름항,NO,Norway,64.06666667,11.23333333
2226,STEINKJER,스타인셰르항,NO,Norway,64.01666667,11.5
2227,DJUPVIKEN,듀프비켄항,NO,Norway,63.78333333,11.45
2228,LEVANGER,레반제르항,NO,Norway,63.75,11.3
2229,LANGSTEIN,롱슈타인항,NO,Norway,63.53333333,10.9
2230,MURUVIK,무루빅항,NO,Norway,63.43333333,10.85
2231,HOMMELVIK,호멜비크항,NO,Norway,63.41666667,10.8
2232,TRONDHEIM,트론헤임항,NO,Norway,63.43333333,10.4
2233,THAMSHAMM,탐스함항,NO,Norway,63.31666667,9.883333333
2234,KRISTIANSUND,크리스티안순드항,NO,Norway,63.11666667,7.733333333
2235,SUNNDALSORA,순달소라항,NO,Norway,62.68333333,8.55
2236,BUD,부드항,NO,Norway,62.9,6.916666667
2237,HAROYSUND,하뢰순드항,NO,Norway,62.9,6.966666667
2238,MOLDE,몰데항,NO,Norway,62.73333333,7.166666667
2239,ANDALSNES,안달스네스항,NO,Norway,62.56666667,7.683333333
2240,HAREID,하레이드항,NO,Norway,62.36666667,6.033333333
2241,MOLDTUSTRANDA,몰트위스트란다항,NO,Norway,62.3,5.65
2242,ORSTAV,오르스타브항,NO,Norway,62.2,6.133333333
2243,ALESUND,알레순드항,NO,Norway,62.46666667,6.166666667
2244,MALOY,말뢰이항,NO,Norway,61.93333333,5.116666667
2245,FLORO,플로뢰항,NO,Norway,61.6,5.033333333
2246,ARDALSTANGEN,아르달스탄겐항,NO,Norway,61.23333333,7.716666667
2247,MONGSTAD,몽스타드항,NO,Norway,60.81666667,5.033333333
2248,VAKSDAL,백스달항,NO,Norway,60.48333333,5.733333333
2249,BERGEN,베르겐항,NO,Norway,60.4,5.316666667
2250,BRATTHOLMEN,브래트홀멘항,NO,Norway,60.35,5.166666667
2251,TRANNESET,트라네셋항,NO,Norway,60.41666667,5.016666667
2252,STRANDVIK,스트란드비크항,NO,Norway,60.16666667,5.666666667
2253,NORHEIMSUND,노르하임순드항,NO,Norway,60.36666667,6.15
2254,ODDA,오다항,NO,Norway,60.08333333,6.55
2255,MELING,멜링항,NO,Norway,59.78333333,5.116666667
2256,HEMNESBERGET,헴네스베르게항,NO,Norway,66.23333333,13.61666667
2257,HAMMERFEST,해머페스트항,NO,Norway,70.66666667,23.66666667
2258,SORVAER,소르베르항,NO,Norway,70.63333333,21.98333333
2259,BREDVIK,브레드비크항,NO,Norway,70.58333333,22.13333333
2260,OKSFJORD,옥스피요르드항,NO,Norway,70.23333333,22.35
2261,ALTA,알타항,NO,Norway,69.96666667,23.25
2262,TALVIK,탈비크항,NO,Norway,70.05,22.96666667
2263,TROMSO,트롬쇠항,NO,Norway,69.65,18.96666667
2264,GIBOSTAD,지보스타드항,NO,Norway,69.35,18.08333333
2265,FINNSNES,핀스네스항,NO,Norway,69.23333333,17.96666667
2266,MEDBY,메드뷔항,NO,Norway,68.91666667,17.73333333
2267,SJOVEGAN,쇼베간항,NO,Norway,68.88333333,17.83333333
2268,HARSTAD,하르스타드항,NO,Norway,68.8,16.55
2269,ANDENES,안데네스항,NO,Norway,69.33333333,16.13333333
2270,SORTLAND,소틀란드항,NO,Norway,68.7,15.41666667
2271,CIENFUEGOS,시에푸에고스항,CU,Cuba,22.15,-80.45
2272,LUCEA,루시아항,JM,Jamaica,18.45,-78.16666667
2273,MONTEGO BAY,몬테고베이항,JM,Jamaica,18.46666667,-77.93333333
2274,FALMOUTH,폴머스항,JM,Jamaica,18.48333333,-77.65
2275,RIO BUENO,리오부에노항,JM,Jamaica,18.46666667,-77.46666667
2276,OCHO RIOS,오초리오스항,JM,Jamaica,18.41666667,-77.11666667
2277,PORT ANTONIO,안토니오항,JM,Jamaica,18.18333333,-76.45
2278,PORT ESQUIVEL,에스키벨항,JM,Jamaica,17.88333333,-77.13333333
2279,PORT KAISER,카이저항,JM,Jamaica,17.86666667,-77.6
2280,SAVANNAH LA MAR,사바나라마르항,JM,Jamaica,18.2,-78.13333333
2281,JACMEL,자크멜항,HT,Haiti,18.23333333,-72.53333333
2282,MIRAGOANE,미라고앙항,HT,Haiti,18.45,-73.08333333
2283,PETIT GOAVE,쁘띠고아브항,HT,Haiti,18.43333333,-72.86666667
2284,PORT AU PRINCE,프린스항,HT,Haiti,18.55,-72.35
2285,SANTIAGO DE CUBA,산티아고데쿠바항,CU,Cuba,20.01666667,-75.83333333
2286,PUERTO CABEZAS,카베사스항,NI,Nicaragua,14.01666667,-83.38333333
2287,PUERTO LIMON,리몬항,CR,Costa Rica,9.983333333,-83.01666667
2288,CHIRIQUI GRANDE,치리키그란데항,PA,Panama,8.95,-82.11666667
2289,ALMIRANTE,알미란테항,PA,Panama,9.3,-82.4
2290,BOCAS DEL TORO,보카스델토로항,PA,Panama,9.333333333,-82.23333333
2291,ST GEORGE'S,세인트조지항,BM,Bermuda ls.,32.38333333,-64.68333333
2292,IRELAND ISLAND,아일랜드항,BM,Bermuda ls.,32.31666667,-64.83333333
2293,HAMILTON,해밀턴항,BM,Bermuda ls.,32.3,-64.78333333
2294,FREEPORT,프리포트항,BS,Bahamas,26.51666667,-78.78333333
2295,SOUTH RIDING POINT,사우스라이딩항,BS,Bahamas,26.61666667,-78.21666667
2296,NASSAU,나소항,BS,Bahamas,25.08333333,-77.35
2297,MANATI,마나티항,CU,Cuba,21.36666667,-76.81666667
2298,GUAYABAL,과야발항,CU,Cuba,20.7,-77.61666667
2299,ANSE TEMBLADORA,앙스템블라도라항,TT,Trinidad and Tobago,10.68333333,-61.58333333
2300,EL BOSQUE,엘보스크항,CO,Colombia,10.4,-75.53333333
2301,PUERTO PRODECO,프로데코항,CO,Colombia,11.15,-74.21666667
2302,QALHAT LNG TERMINAL,칼하트 LNG 터미널항,OM,Oman,22.68333333,59.4
2303,COXEN HOLE,콕센홀항,HN,Honduras,16.31666667,-86.55
2304,EL BLUFF,엘블러프항,NI,Nicaragua,12,-83.7
2305,ALTAMIRA,알타미라항,MX,Mexico,22.48333333,-97.85
2306,TUXPAN,툭스판항,MX,Mexico,20.95,-97.4
2307,DOS BOCAS TERMINAL,도스보카스터미널항,MX,Mexico,18.43333333,-93.21666667
2308,ASHQELON,아슈켈론항,IL,Israel,31.66666667,34.5
2309,ASHTART OIL TERMINAL,아스타르트오일터미널항,TN,Tunisia,34.28333333,11.38333333
2310,ZARZIS,자르지스항,TN,Tunisia,33.5,11.11666667
2311,DIDON TERMINAL,디돈터미널항,TN,Tunisia,33.78333333,11.9
2312,MELILLI OIL TERMINAL,멜릴리항,IT,Italy,37.11666667,15.25
2313,TONGHAE,동해항,KR,Republic of Korea,37.53333333,129.15
2314,NINGBO,닝보항,CN,China,29.88333333,121.55
2315,PORT METHANIER,메타니에항,DZ,Algeria,36.88333333,6.95
2316,M BAO OIL TERMINAL,엠바오항,SN,Senegal,14.71666667,-17.4
2317,LYNDIANE,린디아네항,SN,Senegal,14.16666667,-16.16666667
2318,FORCADOS OIL TERMINAL,포르카도스항,NG,Nigeria,5.166666667,5.183333333
2319,MOUDI MARINE TERMINAL,무디항,CM,Cameroon,4.116666667,8.483333333
2320,EBOME MARINE TERMINAL,에보메항,CM,Cameroon,2.8,9.816666667
2321,PUNTA EUROPA TERMINAL,유로파항,GQ,Equatorial Guinea,3.783333333,8.716666667
2322,MALABO,말라보항,GQ,Equatorial Guinea,3.75,8.783333333
2323,LUBA,루바항,GQ,Equatorial Guinea,3.5,8.566666667
2324,SANTO ANTONIO,산토안토니오항,ST,Sao Tome and Principe,1.65,7.45
2325,SAO TOME,상투메항,ST,Sao Tome and Principe,0.35,6.733333333
2326,YOMBO TERMINAL,욤보항,CG,Congo,-4.45,11.1
2327,FUTILA TERMINAL,푸틸라항,AO,Angola,-5.45,12.18333333
2328,KUITO OIL FIELD,쿠이토항,AO,Angola,-5.466666667,11.5
2329,RAUFARHOFN,라우파르호프른항,IS,Iceland,66.45,-15.93333333
2330,NESKAUPSTADUR,네스카우프스타두르항,IS,Iceland,65.15,-13.68333333
2331,NEWHAVEN HARBOUR,뉴헤이븐항,GB,United Kingdom of Great Britain and Northern Ireland,50.78333333,0.05
2332,RYE HARBOUR,라이항,GB,United Kingdom of Great Britain and Northern Ireland,50.93333333,0.766666667
2333,BUDIR,부디르항,IS,Iceland,64.93333333,-14.01666667
2334,DJUPIVOGUR,듀피보구르항,IS,Iceland,64.66666667,-14.28333333
2335,VESTMANNAEYJAR,베스트만나에이야르항,IS,Iceland,63.43333333,-20.28333333
2336,HAIMEN,하이멘항,CN,China,28.68333333,121.45
2337,DOVER HARBOR,도버항,GB,United Kingdom of Great Britain and Northern Ireland,51.11666667,1.333333333
2338,RAMSGATE,램스게이트항,GB,United Kingdom of Great Britain and Northern Ireland,51.33333333,1.416666667
2339,DUNKERQUE PORT OUEST,덩케르크항,FR,France,51.06666667,2.35
2340,GRAVELINES,그라블린항,FR,France,51,2.116666667
2341,CALAIS,칼레항,FR,France,50.96666667,1.85
2342,IQUITOS,이키토스항,PE,Peru,-3.75,-73.23333333
2343,ITAQUI,이타키항,BR,Brazil,-2.566666667,-44.36666667
2344,STOKKMARKNES,스톡크마크네스항,NO,Norway,68.56666667,14.91666667
2345,REINE,레이네항,NO,Norway,67.93333333,13.1
2346,BALLSTAD,발스타드항,NO,Norway,68.06666667,13.7
2347,STAMSUND,스탐순드항,NO,Norway,68.11666667,13.85
2348,HENNINGSVAER,헨닝스베르항,NO,Norway,68.15,14.21666667
2349,SVOLVAER,스볼베르항,NO,Norway,68.23333333,14.58333333
2350,SKROVA HAVN,스크로바항,NO,Norway,68.16666667,14.66666667
2351,BRETTESNES,브레테스네스항,NO,Norway,68.23333333,14.85
2352,LODINGEN,로딩겐항,NO,Norway,68.41666667,16
2353,ULVIK,울비크항,NO,Norway,68.56666667,16.26666667
2354,LILANDSGRUNNEN,릴란스그룬넨항,NO,Norway,68.48333333,16.88333333
2355,NARVIK,나르비크항,NO,Norway,68.43333333,17.41666667
2356,LITLE BALLANGEN,리틀발란겐항,NO,Norway,68.33333333,16.85
2357,DRAG,드라그항,NO,Norway,68.05,16.08333333
2358,KORSNES,코르스네스항,NO,Norway,68.25,16.06666667
2359,TRANOY,트라뇌항,NO,Norway,68.18333333,15.66666667
2360,KJERRINGOY,셰링외항,NO,Norway,67.51666667,14.76666667
2361,BODO,보되항,NO,Norway,67.28333333,14.38333333
2362,LAKSELV,락셀브항,NO,Norway,67.36666667,15.6
2363,FAUSKE,파우스케항,NO,Norway,67.25,15.36666667
2364,ROGNAN,로그난항,NO,Norway,67.1,15.41666667
2365,ORNES,오르네스항,NO,Norway,66.86666667,13.71666667
2366,GLOMFJORD,글롬피요르드항,NO,Norway,66.81666667,13.98333333
2367,SANDNESSJOEN,산네스뷔엔항,NO,Norway,66.01666667,12.63333333
2368,MO INLET,모인렛항,NO,Norway,66.31666667,14.13333333
2369,KVALSUND,크발순드항,NO,Norway,70.5,23.98333333
2370,PORT MOLLER,몰러항,US,United States of America,55.98333333,-160.5666667
2371,PORT HEIDEN,하이든항,US,United States of America,56.88333333,-158.7
2372,PILOT POINT,파일럿항,US,United States of America,57.56666667,-157.6
2373,UGASHIK,우가식항,US,United States of America,57.53333333,-157.4166667
2374,EGEGIK,에게직항,US,United States of America,58.2,-157.3666667
2375,NAKNEK,내크넥항,US,United States of America,58.71666667,-157.0166667
2376,KOGGIUNG,코기융항,US,United States of America,58.96666667,-156.9166667
2377,EKUK,에쿡항,US,United States of America,58.81666667,-158.5666667
2378,CLARKS POINT,클락스항,US,United States of America,58.85,-158.55
2379,DILLINGHAM,딜링엄항,US,United States of America,59.03333333,-158.4833333
2380,PLATINUM,플래티넘항,US,United States of America,59.01666667,-161.8333333
2381,BETHEL,베델항,US,United States of America,60.81666667,-161.7166667
2382,NASH HARBOR,내쉬항,US,United States of America,60.2,-166.9833333
2383,KWIGUK,크위곡항,US,United States of America,62.73333333,-164.4666667
2384,KOTLIK,콧릭항,US,United States of America,63.03333333,-163.55
2385,HAMILTON,해밀턴항,US,United States of America,62.9,-163.9166667
2386,ST MICHAEL,세인트마이클항,US,United States of America,63.48333333,-162.0333333
2387,UNALAKLEET,유날락리트항,US,United States of America,63.88333333,-160.7833333
2388,SOLOMON,솔로몬항,US,United States of America,64.55,-164.4
2389,NOME,놈항,US,United States of America,64.5,-165.4166667
2390,GRANTLEY HARBOR,그랜틀리항,US,United States of America,65.26666667,-166.3333333
2391,SAVOONGA,사붕가항,US,United States of America,63.68333333,-170.4
2392,SHISHMAREF,시시마레프항,US,United States of America,66.25,-166.0833333
2393,DEERING,디어링항,US,United States of America,66.08333333,-162.7333333
2394,KOTZEBUE,코츠뷔항,US,United States of America,66.91666667,-162.5833333
2395,CLIFTON PIER,클리프턴항,BS,Bahamas,25,-77.55
2396,MATTHEW TOWN,매튜타운항,BS,Bahamas,20.95,-73.68333333
2397,GRAND TURK,그랜드터크항,TC,Turks and Caicos Islands,21.43333333,-71.15
2398,CABANAS,카바나스항,CU,Cuba,23,-82.96666667
2399,MARIEL,마리엘항,CU,Cuba,22.98333333,-82.75
2400,BAHAI DE LA HABANA,하바나항,CU,Cuba,23.13333333,-82.36666667
2401,CARDENAS,카르데나스항,CU,Cuba,23.05,-81.2
2402,ISABELA DE SAGUA,사구아항,CU,Cuba,22.95,-80
2403,BANGOR,뱅거항,GB,United Kingdom of Great Britain and Northern Ireland,54.65,-5.666666667
2404,HELLNAS,헬나스항,FI,Finland,63.28333333,22.23333333
2405,NUEVITAS BAY,누에비타스항,CU,Cuba,21.55,-77.26666667
2406,BIRD PORT,버드항,GB,United Kingdom of Great Britain and Northern Ireland,51.56666667,-2.966666667
2407,ANTILLA,안틸라항,CU,Cuba,20.83333333,-75.73333333
2408,VAASA,바사항,FI,Finland,63.1,21.58333333
2409,GARLSTON,갈스턴항,GB,United Kingdom of Great Britain and Northern Ireland,53.35,-2.9
2410,FELTON,펠턴항,CU,Cuba,20.73333333,-75.6
2411,KASKINEN,카스키넨항,FI,Finland,62.38333333,21.23333333
2412,HOWDENDYKE,하우덴다이크항,GB,United Kingdom of Great Britain and Northern Ireland,53.73333333,-0.883333333
2413,KILROOT,킬루트항,GB,United Kingdom of Great Britain and Northern Ireland,54.73333333,-5.716666667
2414,LANCASTER,랑카스터항,GB,United Kingdom of Great Britain and Northern Ireland,54.05,-2.783333333
2415,MOSTYN,모스틴항,GB,United Kingdom of Great Britain and Northern Ireland,53.31666667,-3.266666667
2416,NEW HOLLAND,뉴홀랜드항,GB,United Kingdom of Great Britain and Northern Ireland,53.7,-0.366666667
2417,TILBURY,틸버리항,GB,United Kingdom of Great Britain and Northern Ireland,51.46666667,0.333333333
2418,WARREN POINT,워렌포인트항,GB,United Kingdom of Great Britain and Northern Ireland,54.1,-6.25
2419,WISBECH,위즈비치항,GB,United Kingdom of Great Britain and Northern Ireland,52.66666667,0.15
2420,EEMSHAVEN,엠샤펀항,NL,Netherlands,53.45,6.833333333
2421,HANSWEERT,한스베르트항,NL,Netherlands,51.45,4
2422,BUSUM,뷔슴항,DE,Germany,54.13333333,8.866666667
2423,BUTZFLETH,부츠플레트항,DE,Germany,53.65,9.516666667
2424,ITZEHOE,이체호에항,DE,Germany,53.91666667,9.516666667
2425,NEUHAUS,노이하우스항,DE,Germany,53.8,9.033333333
2426,ORTH,오르트항,DE,Germany,54.45,11.05
2427,LEMVIG,렘비그항,DK,Danmark,56.58333333,8.283333333
2428,SKAERBAEK,스케어베크항,DK,Danmark,55.51666667,9.616666667
2429,HOLSTEBRO-STUER,홀스테브로슈투에르항,DK,Danmark,56.5,8.583333333
2430,JUNEAU,주노항,US,United States of America,58.3,-134.4166667
2431,THISTED,티스테드항,DK,Danmark,56.95,8.7
2432,POLICE,폴리체항,PL,Poland,53.56666667,14.56666667
2433,LIELUPE,리에루페항,LV,Latvija,57,23.43333333
2434,SALACGRIVA,살락그리바항,LV,Latvija,57.7,24.36666667
2435,BUTINGE OIL TERMINAL,부팅게 오일 터미널항,LT,Lithuania,56.03333333,20.95
2436,HUNDESTED,훈데스테드항,DK,Danmark,55.96666667,11.85
2437,FUSHIKI-TOYAMA,후시키토야마항,JP,Japan,36.76666667,137.1333333
2438,KINGSTOWN,킹스타운항,VC,Saint Vincent and the Grenadines,13.15,-61.23333333
2439,ST GEORGE'S,세인트조지항,GD,Grenada,12.05,-61.75
2440,GALEOTA POINT TERMINAL,갈레오타 포인트터미널항,TT,Trinidad and Tobago,10.13333333,-60.98333333
2441,FUKUI KO,후쿠이항,JP,Japan,36.18333333,136.1
2442,PORT OF SPAIN,스페인항,TT,Trinidad and Tobago,10.65,-61.51666667
2443,POINTE A PIERRE,피에르항,TT,Trinidad and Tobago,10.31666667,-61.46666667
2444,IBIZA,이비자항,ES,Spain,38.9,1.45
2445,KRALENDIJK,크랄렌디이크항,BQ,-,12.15,-68.28333333
2446,HORTA,호르타항,PT,Portugal,38.53333333,-28.63333333
2447,HIGASHI-HARIMA,히가시하리마항,JP,Japan,34.7,134.8333333
2448,OSAKA,오사카항,JP,Japan,34.65,135.4333333
2449,SAKAIDE KO,사카이데항,JP,Japan,34.33333333,133.85
2450,SINT NICOLAAS BAAI,신트니콜라스바이항,AW,Aruba,12.43333333,-69.91666667
2451,CUMANA (PUERTO SUCRE),쿠마나항,VE,Venezuela (Bolivarian Republic of),10.46666667,-64.18333333
2452,PUERTO LA CRUZ,라크루즈항,VE,Venezuela (Bolivarian Republic of),10.25,-64.63333333
2453,JOSE TERMINAL,호세터미널항,VE,Venezuela (Bolivarian Republic of),10.1,-64.85
2454,CATIA LA MAR,카티아라마르항,VE,Venezuela (Bolivarian Republic of),10.6,-67.01666667
2455,PUERTO BORBURATA,보르부라타항,VE,Venezuela (Bolivarian Republic of),10.48333333,-67.98333333
2456,PUERTO CHICHIRIVICHE,치치리비체항,VE,Venezuela (Bolivarian Republic of),10.91666667,-68.26666667
2457,BAYONNE,바이욘항,FR,France,43.5,-1.466666667
2458,TOULON,툴롱항,FR,France,43.1,5.916666667
2459,PORTO VECCHIO,베키오항,FR,France,41.58333333,9.283333333
2460,LAS PIEDRAS,라스피에드라스항,VE,Venezuela (Bolivarian Republic of),11.7,-70.21666667
2461,FUKUYAMA,후쿠야마항,JP,Japan,34.43333333,133.4333333
2462,VITINO,비티노항,RU,Russia,67.08333333,32.31666667
2463,TABARKA,타바르카항,TN,Tunisia,36.96666667,8.766666667
2464,ABU KHAMMASH,아부캄마시항,LY,Libya,33.06666667,11.81666667
2465,RAS AL MISHAB,라스알미샤브항,SA,Saudi Arabia,28.11666667,48.63333333
2466,RAS AL KHAFJI,라스알카프지항,SA,Saudi Arabia,28.43333333,48.58333333
2467,ISLAS HORMIGAS,이슬라스호르미가스항,ES,Spain,37.65,-0.65
2468,LAS HORMIGAS,라스호르미가스항,ES,Spain,41.86666667,3.183333333
2469,FORT WILLIAM,포트윌리엄항,GB,United Kingdom of Great Britain and Northern Ireland,56.81666667,-5.116666667
2470,GLENSANDA,글렌산다항,GB,United Kingdom of Great Britain and Northern Ireland,56.56666667,-5.533333333
2471,LOCHALINE,로칼라인항,GB,United Kingdom of Great Britain and Northern Ireland,56.55,-5.766666667
2472,LAGOS,라고스항,PT,Portugal,37.1,-8.616666667
2473,KHALIFA BIN SALMAN,칼리파빈살만항,BH,Bahrain,26.25,50.75
2474,SUIZHANG GANG,수이장항,CN,China,40.06666667,121.05
2475,BODRUM,보드룸항,TR,Turkey,37.03333333,27.43333333
2476,LAMU,라무항,KE,Kenya,-2.266666667,40.9
2477,GWANGYANG HANG,광양항,KR,Republic of Korea,34.85,127.8
2478,ISHIKARI BAY NEW PORT,이시카리만신항,JP,Japan,43.21666667,141.2833333
2479,KRISTINESTAD,크리스티네스타드항,FI,Finland,62.28333333,21.4
2480,NICARO,니카로항,CU,Cuba,20.71666667,-75.55
2481,HAINES,헤인스항,US,United States of America,59.23333333,-135.4333333
2482,MANTYLUOTO,만틸루오토항,FI,Finland,61.6,21.48333333
2483,TEXAS CITY,텍사스시티항,US,United States of America,29.38333333,-94.91666667
2484,TANANI POINT,타나니항,US,United States of America,59.28333333,-135.45
2485,TAHKOLUOTO,타흐코루오토항,FI,Finland,61.63333333,21.4
2486,BAYTOWN,베이타운항,US,United States of America,29.73333333,-95.01666667
2487,SKAGWAY,스캐그웨이항,US,United States of America,59.45,-135.3333333
2488,LETNIKOF COVE,레트니코프코브항,US,United States of America,59.18333333,-135.4
2489,EXCURSION INLET,익스커션인렛항,US,United States of America,58.41666667,-135.45
2490,YAKUTAT,야쿠타트항,US,United States of America,59.55,-139.7333333
2491,KATALLA,카탈라항,US,United States of America,60.2,-144.5333333
2492,CORDOVA,코르도바항,US,United States of America,60.55,-145.7666667
2493,SHEPARD POINT,셰퍼드포인트항,US,United States of America,60.63333333,-145.6666667
2494,SWANPORT,스완포트항,US,United States of America,61.08333333,-146.4
2495,METLAKATLA,메틀라카틀라항,US,United States of America,55.13333333,-131.5666667
2496,GEORGE INLET,조지인렛항,US,United States of America,55.38333333,-131.4666667
2497,VALDEZ,발디즈항,US,United States of America,61.11666667,-146.25
2498,BAMBERTON,밤버튼항,CA,Canada,48.55,-123.5166667
2499,VICTORIA HARBOR,빅토리아항,CA,Canada,48.43333333,-123.3833333
2500,ESQUIMALT HARBOR,에스퀴말트항,CA,Canada,48.43333333,-123.4333333
2501,PORT SAN JUAN,산후안항,CA,Canada,48.55,-124.4333333
2502,PORT ALBERNI,앨버니항,CA,Canada,49.23333333,-124.8166667
2503,UCLUELET,어클루렛항,CA,Canada,48.95,-125.55
2504,CLAYOQUOT,클레이오쿼트항,CA,Canada,49.15,-125.9166667
2505,AHOUSAT,아호사트항,CA,Canada,49.28333333,-126.0666667
2506,TAHSIS,타시스항,CA,Canada,49.91666667,-126.6666667
2507,BERGH COVE,버그코브항,CA,Canada,50.53333333,-127.6166667
2508,PORT ALICE,앨리스항,CA,Canada,50.38333333,-127.45
2509,COAL HARBOR,콜항,CA,Canada,50.6,-127.5833333
2510,PORT HARDY,하디항,CA,Canada,50.71666667,-127.4833333
2511,SOINTULA,소인트룰라항,CA,Canada,50.63333333,-127.0166667
2512,ALERT BAY,얼럿베이항,CA,Canada,50.58333333,-126.9333333
2513,PORT MCNEILL,맥닐항,CA,Canada,50.58333333,-127.0833333
2514,BELLA COOLA,벨라쿨라항,CA,Canada,52.36666667,-126.8
2515,BELLA BELLA,벨라벨라항,CA,Canada,52.16666667,-128.15
2516,KLEMTU,클렘투항,CA,Canada,52.6,-128.5166667
2517,BUTEDALE,뷰터데일항,CA,Canada,53.16666667,-128.6833333
2518,KEMANO BAY,케마노베이항,CA,Canada,53.48333333,-128.1333333
2519,KITIMAT,키티마트항,CA,Canada,54,-128.6833333
2520,PORPOISE HARBOR,포퍼스항,CA,Canada,54.21666667,-130.2833333
2521,PRINCE RUPERT,루퍼트항,CA,Canada,54.31666667,-130.3333333
2522,PORT SIMPSON,심슨항,CA,Canada,54.56666667,-130.4333333
2523,STEWART,스튜어트항,CA,Canada,55.93333333,-130
2524,HERTFORD,허트포드항,US,United States of America,36.18333333,-76.46666667
2525,EDENTON,이든턴항,US,United States of America,36.05,-76.61666667
2526,PLYMOUTH,플리머스항,US,United States of America,35.86666667,-76.75
2527,COLUMBIA,컬럼비아항,US,United States of America,35.91666667,-76.25
2528,BELHAVEN,벨헤이븐항,US,United States of America,35.61666667,-76.61666667
2529,WASHINGTON,워싱턴항,US,United States of America,35.55,-77.05
2530,BAYBORO,베이보로항,US,United States of America,35.15,-76.76666667
2531,NEW BERN,뉴번항,US,United States of America,35.1,-77.05
2532,BEAUFORT,뷰포트항,US,United States of America,34.71666667,-76.66666667
2533,MOREHEAD CITY,모어헤드시티항,US,United States of America,34.71666667,-76.7
2534,SWANSBORO,스완스보로항,US,United States of America,34.68333333,-77.13333333
2535,WRIGHTSVILLE,라이트스빌항,US,United States of America,34.21666667,-77.81666667
2536,WILMINGTON,윌밍턴항,US,United States of America,34.23333333,-77.95
2537,SOUTHPORT,사우스포트항,US,United States of America,33.91666667,-78.01666667
2538,GEORGETOWN,조지타운항,US,United States of America,33.36666667,-79.28333333
2539,CHARLESTON,찰스턴항,US,United States of America,32.78333333,-79.91666667
2540,PORT ROYAL,로열항,US,United States of America,32.36666667,-80.68333333
2541,BEAUFORT,뷰포트항,US,United States of America,32.43333333,-80.66666667
2542,SAVANNAH,서배너항,US,United States of America,32.08333333,-81.08333333
2543,DARIEN,다리엔항,US,United States of America,31.36666667,-81.43333333
2544,PHILADELPHIA,필라델피아항,US,United States of America,39.95,-75.13333333
2545,BROOKLYN,브루클린항,US,United States of America,40.66666667,-74.01666667
2546,NEW YORK CITY,뉴욕항,US,United States of America,40.7,-74.01666667
2547,PATCHOGUE,패초그항,US,United States of America,40.75,-73.01666667
2548,YONKERS,용커스항,US,United States of America,40.93333333,-73.9
2549,NEWBURGH,뉴버그항,US,United States of America,41.5,-74
2550,POUGHKEEPSIE,포키프시항,US,United States of America,41.7,-73.95
2551,KINGSTON,킹스턴항,US,United States of America,41.93333333,-73.96666667
2552,CATSKILL,캐츠킬항,US,United States of America,42.21666667,-73.85
2553,ALBANY,올버니항,US,United States of America,42.65,-73.75
2554,RENSSELAER,렌슬러항,US,United States of America,42.65,-73.75
2555,TROY,트로이항,US,United States of America,42.73333333,-73.7
2556,EDGEWATER,엣지워터항,US,United States of America,40.81666667,-73.98333333
2557,WEEHAWKEN,위하켄항,US,United States of America,40.76666667,-74.01666667
2558,HOBOKEN,호보켄항,US,United States of America,40.75,-74.01666667
2559,JERSEY CITY,저지시티항,US,United States of America,40.71666667,-74.03333333
2560,BAYONNE,바이욘항,US,United States of America,40.68333333,-74.1
2561,NEWARK,뉴어크항,US,United States of America,40.7,-74.15
2562,ELIZABETHPORT,엘리자베스항,US,United States of America,40.65,-74.18333333
2563,STAPLETON SI,스테이플턴항,US,United States of America,40.63333333,-74.06666667
2564,TOMPKINSVILLE SI,톰킨스빌항,US,United States of America,40.63333333,-74.06666667
2565,PORT RICHMOND SI,리치먼드항,US,United States of America,40.65,-74.13333333
2566,MARINERS HARBOR SI,마리너스항,US,United States of America,40.63333333,-74.16666667
2567,GULFPORT SI,걸프포트항,US,United States of America,40.63333333,-74.2
2568,NISHTUN,니슈툰항,YE,Yemen,15.81666667,52.2
2569,DOHA HARBOR,도하항,KW,Kuwait,29.38333333,47.8
2570,BANDAR-E SHAHID REAJIE,반다르에샤히드리야지에항,IR,Iran (Islamic Republic of),27.1,56.06666667
2571,BANDAR ABBAS,반다르아바스항,IR,Iran (Islamic Republic of),27.15,56.2
2572,BANDAR TAHERI OFFSHORE TERMINAL,타헤리오프쇼어터미널항,IR,Iran (Islamic Republic of),27.65,52.35
2573,KHAWR KHASAB,카우르카사브항,OM,Oman,26.21666667,56.23333333
2574,AL KUWAYT,쿠웨이트항,KW,Kuwait,29.35,47.93333333
2575,AL MUKHA,무카항,YE,Yemen,13.31666667,43.25
2576,ASH SHIHR OIL TERMINAL,시흐르오일터미널항,YE,Yemen,14.73333333,49.5
2577,HADERA,하데라항,IL,Israel,32.46666667,34.9
2578,RAS SUDR,라스수드르항,EG,Egypt,29.58333333,32.7
2579,DAMIETTA,다미에타항,EG,Egypt,31.48333333,31.75
2580,BUR SAID (PORT SAID),부르사이드항,EG,Egypt,31.26666667,32.3
2581,EL HAMRA OIL TERMINAL,함라 오일 터미널항,EG,Egypt,30.98333333,28.86666667
2582,SOYO ANGOLA LNG TERMINAL,소요 LNG 터미널항,AO,Angola,-6.116666667,12.33333333
2583,MERSA MATRUH,메르사마트루항,EG,Egypt,31.35,27.23333333
2584,HAMRAWEIN,함라웨인항,EG,Egypt,26.25,34.2
2585,AL MANAMAH,마나마항,BH,Bahrain,26.23333333,50.58333333
2586,KHOSROWABAD,호스로와바드항,IR,Iran (Islamic Republic of),30.16666667,48.41666667
2587,BOURI OIL FIELD,부리 유전항,LY,Libya,33.9,12.65
2588,KHOMS,콤스항,LY,Libya,32.66666667,14.25
2589,MENZEL BOURGUIBA,멘젤부르기바항,TN,Tunisia,37.15,9.8
2590,RADES,라데스항,TN,Tunisia,36.81666667,10.3
2591,DJEN-DJEN,젠젠항,DZ,Algeria,36.81666667,5.883333333
2592,AGADIR,아가디르항,MA,Morocco,30.43333333,-9.633333333
2593,EL JORF LASFAR,엘조르프라스파르항,MA,Morocco,33.11666667,-8.616666667
2594,ESPOIR MARINE TERMINAL,에스푸아해양터미널항,CI,C?te d'Ivoire,5.05,-4.45
2595,BAOBAB MARINE TERMINAL,바오밥해양터미널항,CI,C?te d'Ivoire,4.966666667,-4.55
2596,ODUDU TERMINAL,오두두터미널항,NG,Nigeria,4,7.766666667
2597,OKONO TERMINAL,오코노터미널항,NG,Nigeria,3.983333333,7.3
2598,OKWORI TERMINAL,오크워리터미널항,NG,Nigeria,3.85,6.983333333
2599,ONNE,온네항,NG,Nigeria,4.683333333,7.15
2600,EL MAADIYA,마디야항,EG,Egypt,31.26666667,30.15
2601,AL ISKANDARIYH (ALEXANDRIA),알이스칸다리야항,EG,Egypt,31.16666667,29.83333333
2602,GIRASSOL TERMINAL,지라솔터미널항,AO,Angola,-7.65,11.68333333
2603,KANDLA,칸들라항,IN,India,23.03333333,70.21666667
2604,ALDERNEY HARBOUR,올더니항,GB,United Kingdom of Great Britain and Northern Ireland,49.73333333,-2.2
2605,SAINT SAMPSON,세인트샘슨항,GB,United Kingdom of Great Britain and Northern Ireland,49.48333333,-2.516666667
2606,SAINT PETER PORT,세인트피터항,GB,United Kingdom of Great Britain and Northern Ireland,49.45,-2.533333333
2607,GRANVILLE,그랜빌항,FR,France,48.83333333,-1.6
2608,SAINT-MALO,생말로항,FR,France,48.65,-2.016666667
2609,LE LEGUE,르레그항,FR,France,48.53333333,-2.75
2610,PROBOLINGGO,프로볼링고항,ID,Indonesia,-7.716666667,113.2166667
2611,AMPENAN,암페난항,ID,Indonesia,-8.566666667,116.0666667
2612,WAINGAPU,와잉가푸항,ID,Indonesia,-9.633333333,120.2166667
2613,NUEVA GERONA,누에바헤로나항,CU,Cuba,21.91666667,-82.8
2614,GEORGETOWN,조지타운항,KY,Cayman Islands,19.3,-81.38333333
2615,CAYMAN BRAC,케이먼브랙항,KY,Cayman Islands,19.75,-79.75
2616,STAGEN,스테이겐항,ID,Indonesia,-3.3,116.15
2617,SAMPIT,삼핏항,ID,Indonesia,-2.516666667,113
2618,BITUNG,비퉁항,ID,Indonesia,1.433333333,125.1833333
2619,LUWUK,루욱항,ID,Indonesia,-0.95,122.8
2620,MASSET HARBOR,매셋항,CA,Canada,54.01666667,-132.15
2621,PORT CLEMENTS,클레멘츠항,CA,Canada,53.68333333,-132.1833333
2622,QUEEN CHARLOTTE,퀸샬럿항,CA,Canada,53.25,-132.0833333
2623,ALLIFORD BAY,알리포드항,CA,Canada,53.21666667,-131.9833333
2624,HYDER,하이더항,US,United States of America,55.91666667,-130
2625,HIDDEN INLET,히든항,US,United States of America,54.95,-130.3333333
2626,LYALL HARBOR,라이앨항,CA,Canada,48.8,-123.2
2627,HOPE BAY,호프항,CA,Canada,48.8,-123.2833333
2628,SIDNEY,시드니항,CA,Canada,48.65,-123.3833333
2629,ROCHE  HARBOR,로쉬항,US,United States of America,48.61666667,-123.1666667
2630,ORCAS,오르카스항,US,United States of America,48.6,-122.9333333
2631,ANACORTES,아나코르테스항,US,United States of America,48.51666667,-122.6166667
2632,BELLINGHAM,벨링햄항,US,United States of America,48.75,-122.5
2633,CHERRY POINT,체리항,US,United States of America,48.86666667,-122.75
2634,SEMIAHMOO,세미아무항,US,United States of America,48.98333333,-122.7666667
2635,BLAINE,블레인항,US,United States of America,49,-122.75
2636,STEVESTON,스티브스턴항,CA,Canada,49.13333333,-123.1833333
2637,NEW WESTMINSTER,뉴웨스트민스터항,CA,Canada,49.2,-122.9166667
2638,FRASER MILLS,프레이저밀스항,CA,Canada,49.21666667,-122.8666667
2639,PORT COQUITLAM,코퀴틀람항,CA,Canada,49.26666667,-122.7833333
2640,MISSION CITY,미션시티항,CA,Canada,49.11666667,-122.25
2641,VANCOUVER,밴쿠버항,CA,Canada,49.28333333,-123.1166667
2642,PORT MOODY,무디항,CA,Canada,49.28333333,-122.8833333
2643,SQUAMISH,스콰미시항,CA,Canada,49.68333333,-123.15
2644,PORT MELLON,멜론항,CA,Canada,49.51666667,-123.4833333
2645,WESTVIEW,웨스트뷰항,CA,Canada,49.83333333,-124.5166667
2646,POWELL RIVER,파월리버항,CA,Canada,49.86666667,-124.5333333
2647,DUNCAN BAY,던컨베이항,CA,Canada,50.06666667,-125.2833333
2648,CAMPBELL RIVER,캠벨리버항,CA,Canada,50.01666667,-124.2333333
2649,COMOX HARBOR,코목스항,CA,Canada,49.66666667,-124.9166667
2650,NANOOSE HARBOR,나누즈베이항,CA,Canada,49.26666667,-124.15
2651,NANAIMO,나나이모항,CA,Canada,49.16666667,-123.9333333
2652,HARMAC,하막항,CA,Canada,49.13333333,-123.85
2653,CHEMAINUS,체메이너스항,CA,Canada,48.93333333,-123.7166667
2654,CROFTON,크로프턴항,CA,Canada,48.86666667,-123.6333333
2655,COWICHAN BAY,코위찬베이항,CA,Canada,48.75,-123.6166667
2656,GANGES,갱즈항,CA,Canada,48.85,-123.4833333
2657,FRIDAY HARBOR,프라이데이항,US,United States of America,48.53333333,-123.0166667
2658,WESTPORT,웨스트포트항,US,United States of America,46.13333333,-123.3833333
2659,RAINIER,레이니어항,US,United States of America,46.08333333,-122.9333333
2660,LONGVIEW,롱뷰항,US,United States of America,46.13333333,-122.9333333
2661,KALAMA,칼라마항,US,United States of America,46.01666667,-122.85
2662,ST HELENS,세인트헬렌스항,US,United States of America,45.86666667,-122.8
2663,PORTLAND,포틀랜드항,US,United States of America,45.51666667,-122.6666667
2664,VANCOUVER,밴쿠버항,US,United States of America,45.63333333,-122.6833333
2665,CAMAS,카마스항,US,United States of America,45.58333333,-122.4
2666,PORT SOCONY,소코니항,US,United States of America,40.55,-74.25
2667,BAYWAY,베이웨이항,US,United States of America,40.63333333,-74.2
2668,GRASSELLI,그라셀리항,US,United States of America,40.61666667,-74.2
2669,CARTERET,카터렛항,US,United States of America,40.58333333,-74.21666667
2670,CHROME,크롬항,US,United States of America,40.56666667,-74.21666667
2671,PORT READING,리딩항,US,United States of America,40.56666667,-74.23333333
2672,SEWAREN,스웨어런항,US,United States of America,40.55,-74.25
2673,MAURER,모러항,US,United States of America,40.53333333,-74.25
2674,PERTH AMBOY,앰보이항,US,United States of America,40.5,-74.26666667
2675,SAYREVILLE,세어빌항,US,United States of America,40.46666667,-74.36666667
2676,SOUTH AMBOY,앰보이항,US,United States of America,40.48333333,-74.26666667
2677,LEONARDO,레오나르도항,US,United States of America,40.43333333,-74.06666667
2678,BARNEGAT,바네갓항,US,United States of America,39.76666667,-74.1
2679,ATLANTIC CITY,애틀랜틱시티항,US,United States of America,39.36666667,-74.41666667
2680,SALEM NJ,살렘항,US,United States of America,39.66666667,-75.48333333
2681,NEW CASTLE,뉴캐슬항,US,United States of America,39.65,-75.56666667
2682,DEEPWATER POINT,딥워터항,US,United States of America,39.7,-75.51666667
2683,WILMINGTON,윌밍턴항,US,United States of America,39.73333333,-75.55
2684,MARCUS HOOK,마커스훅항,US,United States of America,39.81666667,-75.41666667
2685,CHESTER,체스터항,US,United States of America,39.85,-75.35
2686,CITY ISLAND,시티항,US,United States of America,40.85,-73.78333333
2687,GLOUCESTER,글로스터항,US,United States of America,42.6,-70.66666667
2688,BEVERLY,베벌리항,US,United States of America,42.53333333,-70.88333333
2689,SALEM,살렘항,US,United States of America,42.51666667,-70.88333333
2690,MARBLEHEAD,마블헤드항,US,United States of America,42.5,-70.85
2691,LYNN,린항,US,United States of America,42.45,-70.95
2692,BOSTON,보스턴항,US,United States of America,42.35,-71.05
2693,QUINCY,퀸시항,US,United States of America,42.25,-70.96666667
2694,SCITUATE,시튜에이트항,US,United States of America,42.2,-70.71666667
2695,PLYMOUTH,플리머스항,US,United States of America,41.95,-70.66666667
2696,PROVINCETOWN,프로빈스타운항,US,United States of America,42.05,-70.18333333
2697,HYANNIS,하이애니스항,US,United States of America,41.65,-70.28333333
2698,HYANNIS PORT,하이애니스항,US,United States of America,41.63333333,-70.3
2699,FALMOUTH,폴머스항,US,United States of America,41.55,-70.61666667
2700,NANTUCKET,낸터킷항,US,United States of America,41.28333333,-70.1
2701,EDGARTOWN,에드가타운항,US,United States of America,41.38333333,-70.5
2702,VINEYARD HAVEN,바인야드헤이븐항,US,United States of America,41.45,-70.6
2703,WOODS HOLE,우즈홀항,US,United States of America,41.51666667,-70.66666667
2704,NEW BEDFORD,뉴베드포드항,US,United States of America,41.63333333,-70.91666667
2705,NEWPORT,뉴포트항,US,United States of America,41.5,-71.33333333
2706,FALL RIVER,폴리리버항,US,United States of America,41.7,-71.16666667
2707,TIVERTON,티버턴항,US,United States of America,41.63333333,-71.21666667
2708,BRISTOL,브리스톨항,US,United States of America,41.66666667,-71.26666667
2709,PROVIDENCE,프로비던스항,US,United States of America,41.8,-71.4
2710,QUONSET POINT,콴셋포인트항,US,United States of America,41.58333333,-71.4
2711,DAVISVILLE DEPOT,데이비스빌항,US,United States of America,41.61666667,-71.4
2712,TAKULA TERMINAL,타쿨라터미널항,AO,Angola,-5.216666667,11.78333333
2713,ANTSOHIM BONDRONA,안초힘본드로나항,MG,Madagascar,-13.08333333,48.83333333
2714,KOME KRIBI 1 MARINE TERMINAL,코메크리비1해양터미널항,CM,Cameroon,2.916666667,9.8
2715,LIMBOH TERMINAL,림보터미널항,CM,Cameroon,3.983333333,9.15
2716,CEIBA TERMINAL,세이바터미널항,GQ,Equatorial Guinea,1.416666667,9.233333333
2717,COGO,코고항,GQ,Equatorial Guinea,1.083333333,9.7
2718,SERPENTINA TERMINAL,세르펜티나터미널항,GQ,Equatorial Guinea,3.8,8.083333333
2719,SIDON/ZAHRANI TERMINAL,시돈자흐라니터미널항,LB,Lebanon,33.53333333,35.31666667
2720,ANTALYA OFFSHORE TERMINAL,안탈랴 해상터미널항,TR,Turkey,36.81666667,30.6
2721,BOTAS NATURAL GAS TERMINAL,보타스 천연가스터미널항,TR,Turkey,41,27.98333333
2722,BOTAS DORTYOL OIL TERMINAL,보타스 돌리올 오일터미널항,TR,Turkey,36.86666667,36.13333333
2723,TOROS GUBRE,토로스구브레항,TR,Turkey,36.91666667,35.96666667
2724,YAKACIK,야카지크항,TR,Turkey,36.71666667,36.18333333
2725,CHALKIS,할키스항,GR,Greece,38.46666667,23.6
2726,DELTA TERMINAL,델타터미널항,TR,Turkey,36.85,36.16666667
2727,DIKILI,디킬리항,TR,Turkey,39.01666667,26.81666667
2728,GEBZE,게브제항,TR,Turkey,40.76666667,29.55
2729,GULLUK,굴뤼크항,TR,Turkey,37.25,27.61666667
2730,YARIMCA,야림자항,TR,Turkey,40.8,29.7
2731,GELENDZHIK,겔렌지크항,RU,Russia,44.55,38.06666667
2732,CERNAVODA,체르나보다항,RO,Romania,44.33333333,28.05
2733,BASARABI,바사라비항,RO,Romania,44.16666667,28.43333333
2734,DANUBE-BLACK SEA CANAL,다뉴브블랙시캐널항,RO,Romania,44.26666667,28.18333333
2735,MEDGIDIA,메지디아항,RO,Romania,44.25,28.26666667
2736,MIDIA,미디아항,RO,Romania,44.35,28.66666667
2737,TULCEA,툴체아항,RO,Romania,45.16666667,28.81666667
2738,BELGOROD-DNESTROVSKY,벨고로드드네스트로프스크항,UA,Ukraine,46.18333333,30.36666667
2739,DNIPRO-BUZKYY,드니프로부즈키항,UA,Ukraine,46.73333333,31.88333333
2740,PORT OKTYABRSK,옥챠브르스크항,UA,Ukraine,46.83333333,31.93333333
2741,UST-DUNAISK,우스트두나이스크항,UA,Ukraine,45.46666667,29.7
2742,KAVALA,카발라항,GR,Greece,40.93333333,24.4
2743,ALIAGA,알리아가항,TR,Turkey,38.83333333,26.93333333
2744,AMBARLI,암바를리항,TR,Turkey,40.96666667,28.7
2745,BORUSAN FERTILIZER JETTY,보루산비료제티항,TR,Turkey,40.41666667,29.1
2746,KYMASSI,키마시항,GR,Greece,38.83333333,23.46666667
2747,ASPROPIRGOS,아스프로피르고스항,GR,Greece,38.03333333,23.6
2748,ACHLADI,아흘라디항,GR,Greece,38.9,22.81666667
2749,ASTAKOS,아스타코스항,GR,Greece,38.48333333,21.1
2750,AKRA KAVONISI,아크라카보니시항,GR,Greece,35.51666667,23.63333333
2751,TELUK BEO,툴룩베오항,ID,Indonesia,4.233333333,126.7833333
2752,PATANI,파타니항,ID,Indonesia,0.366666667,128.75
2753,WAHAI,와하이항,ID,Indonesia,-2.783333333,129.5
2754,MIEI,미에이항,ID,Indonesia,-2.733333333,134.5
2755,TG. SORONG,소롱항,ID,Indonesia,-0.883333333,131.2333333
2756,MERAK MAS TERMINAL,메락마스항,ID,Indonesia,-5.916666667,105.9833333
2757,TOKYO KO,도쿄항,JP,Japan,35.66666667,139.75
2758,PONTRIEUX,퐁트리외항,FR,France,48.7,-3.15
2759,TREGUIER,트레귈리항,FR,France,48.78333333,-3.233333333
2760,MORLAIX,몰레항,FR,France,48.58333333,-3.833333333
2761,PORT DE ROSCOFF-BLOSCON,로스코프블로스콩항,FR,France,48.73333333,-3.983333333
2762,KINGSTON,킹스턴항,JM,Jamaica,17.96666667,-76.78333333
2763,BEDI,베디항,IN,India,22.51666667,70.03333333
2764,MIKAWA,미카와항,JP,Japan,34.71666667,137.3
2765,PORBANDAR,포르반다르항,IN,India,21.63333333,69.6
2766,SANTA BARBARA DE SAMANA,산타바바라사마나항,DO,Dominican Republic,19.2,-69.33333333
2767,PUERTO PLATA,플라타항,DO,Dominican Republic,19.8,-70.7
2768,PEPILLO SALCEDO,페필로살세도항,DO,Dominican Republic,19.7,-71.75
2769,CAP HAITIEN,카프아이티앵항,HT,Haiti,19.76666667,-72.2
2770,PHILLIPSBURG,필립스버그항,SX,Sint Maarten,18.01666667,-63.05
2771,CHARLESTOWN,찰스타운항,KN,Saint Kitts and Nevis,17.13333333,-62.63333333
2772,GRAND CUL DE SAC BAY,그랑쿨드삭항,LC,-,13.98333333,-61.01666667
2773,WASHOUGAL,워쇼갈항,US,United States of America,45.58333333,-122.35
2774,THE DALLES,더달레스항,US,United States of America,45.6,-121.1833333
2775,NAHCOTTA,나콧타항,US,United States of America,46.5,-124.0333333
2776,SOUTH BEND,사우스벤드항,US,United States of America,46.66666667,-123.7833333
2777,RAYMOND,레이몬드항,US,United States of America,46.68333333,-123.7333333
2778,WILLAPA HARBOR,윌라파항,US,United States of America,46.68333333,-123.75
2779,WESTHAVEN COVE,웨스트헤이븐항,US,United States of America,46.91666667,-124.1166667
2780,BAY CITY,베이시티항,US,United States of America,46.86666667,-124.0666667
2781,ABERDEEN,애버딘항,US,United States of America,46.98333333,-123.8166667
2782,HOQUIAM,호퀴암항,US,United States of America,46.96666667,-123.9
2783,LA PUSH,라푸쉬항,US,United States of America,47.9,-124.6333333
2784,NEAH BAY,니어베이항,US,United States of America,48.36666667,-124.6166667
2785,SEKIU,세키우항,US,United States of America,48.26666667,-124.3
2786,PORT ANGELES,앤젤레스항,US,United States of America,48.11666667,-123.4333333
2787,PORT TOWNSEND,타운젠드항,US,United States of America,48.11666667,-122.75
2788,GLEN COVE,글렌코브항,US,United States of America,48.08333333,-122.7833333
2789,HOODSPORT,후즈포트항,US,United States of America,47.41666667,-123.1333333
2790,PORT GAMBLE,갬블항,US,United States of America,47.85,-122.5833333
2791,POULSBO,폴스보항,US,United States of America,47.73333333,-122.65
2792,KEYPORT,키포트항,US,United States of America,47.7,-122.6166667
2793,WINSLOW,윈슬로항,US,United States of America,47.61666667,-122.5166667
2794,CREOSOTE,크레오솟항,US,United States of America,47.61666667,-122.5
2795,FORT WARD,워드항,US,United States of America,47.58333333,-122.5166667
2796,EAST BREMERTON,브레머턴항,US,United States of America,47.56666667,-122.6166667
2797,SILVERDALE,실버데일항,US,United States of America,47.65,-122.7
2798,BREMERTON,브레머턴항,US,United States of America,47.56666667,-122.65
2799,PORT ORCHARD,오차드항,US,United States of America,47.53333333,-122.6333333
2800,QUARTERMASTER HARBOR,쿼터마스터항,US,United States of America,47.38333333,-122.4666667
2801,SHELTON,셸튼항,US,United States of America,47.21666667,-123.1
2802,OLYMPIA,올림피아항,US,United States of America,47.05,-122.9
2803,NISQUALLY HEAD,니스콸리헤드항,US,United States of America,47.11666667,-122.75
2804,TACOMA,터코마항,US,United States of America,47.28333333,-122.4166667
2805,SEATTLE,시애틀항,US,United States of America,47.6,-122.3333333
2806,POINT WELLS,웰스항,US,United States of America,47.78333333,-122.4
2807,EDWARDS POINT,에드워즈항,US,United States of America,47.8,-122.4
2808,MUKILTEO,뮤킬테오항,US,United States of America,47.95,-122.3
2809,EVERETT,에버렛항,US,United States of America,48,-122.2166667
2810,COUPEVILLE,쿠페빌항,US,United States of America,48.23333333,-122.6833333
2811,RICHARDSON,리처드슨항,US,United States of America,48.45,-122.9
2812,WARRENTON,워렌턴항,US,United States of America,46.16666667,-123.9166667
2813,ASTORIA,아스토리아항,US,United States of America,46.2,-123.8333333
2814,TONGUE POINT,텅포인트항,US,United States of America,46.2,-123.75
2815,SAN FRANCISCO,샌프란시스코항,US,United States of America,37.81666667,-122.4166667
2816,YERBABUENA ISLAND,예르바부에나항,US,United States of America,37.81666667,-122.3666667
2817,REDWOOD CITY,레드우드시티항,US,United States of America,37.53333333,-122.2
2818,ALAMEDA,알라메다항,US,United States of America,37.78333333,-122.2666667
2819,OAKLAND,오클랜드항,US,United States of America,37.81666667,-122.3333333
2820,BERKELEY,버클리항,US,United States of America,37.86666667,-122.3
2821,POINT RICHMOND,리치몬드항,US,United States of America,37.91666667,-122.3666667
2822,MONTAUK HARBOR,몬토크항,US,United States of America,41.06666667,-71.93333333
2823,GREENPORT,그린포트항,US,United States of America,41.1,-72.36666667
2824,STONINGTON,스토닝턴항,US,United States of America,41.33333333,-71.9
2825,NOANK,노앵크항,US,United States of America,41.31666667,-71.98333333
2826,MYSTIC,미스틱항,US,United States of America,41.35,-71.96666667
2827,NEW LONDON,뉴런던항,US,United States of America,41.35,-72.08333333
2828,NORWICH,노리치항,US,United States of America,41.51666667,-72.08333333
2829,ESSEX,에섹스항,US,United States of America,41.35,-72.38333333
2830,NEW HAVEN,뉴헤이븐항,US,United States of America,41.23333333,-72.91666667
2831,PORT JEFFERSON,제퍼슨항,US,United States of America,40.95,-73.08333333
2832,BRIDGEPORT,브릿지포트항,US,United States of America,41.16666667,-73.18333333
2833,SOUTHPORT,사우스포트항,US,United States of America,41.13333333,-73.28333333
2834,NORWALK,노워크항,US,United States of America,41.1,-73.41666667
2835,STAMFORD,스탬퍼드항,US,United States of America,41.03333333,-73.55
2836,GREENWICH,그리니치항,US,United States of America,41.01666667,-73.61666667
2837,PORT CHESTER,체스터항,US,United States of America,41,-73.66666667
2838,NEWBURYPORT,뉴베리포트항,US,United States of America,42.81666667,-70.86666667
2839,ROCKPORT,록포트항,US,United States of America,42.66666667,-70.61666667
2840,WINTER HARBOR,윈터항,US,United States of America,44.38333333,-68.08333333
2841,SORRENTO,소렌토항,US,United States of America,44.46666667,-68.18333333
2842,BAR HARBOR,바하항,US,United States of America,44.38333333,-68.2
2843,NORTHEAST HARBOR,노스이스트항,US,United States of America,44.3,-68.28333333
2844,SOUTHWEST HARBOR,사우스웨스트항,US,United States of America,44.28333333,-68.31666667
2845,MOUNT DESERT,마운트데저트항,US,United States of America,44.36666667,-68.33333333
2846,FRENCHBORO,프렌치버로항,US,United States of America,44.11666667,-68.36666667
2847,MINTURN,민턴항,US,United States of America,44.15,-68.45
2848,SWANS ISLAND,스완스항,US,United States of America,44.13333333,-68.45
2849,BASS HARBOR,배스항,US,United States of America,44.23333333,-68.35
2850,ELLSWORTH,엘스워스항,US,United States of America,44.55,-68.41666667
2851,BROOKLIN,브룩린항,US,United States of America,44.26666667,-68.58333333
2852,BUCKS HARBOR,백스항,US,United States of America,44.33333333,-68.73333333
2853,STONINGTON,스토닝턴항,US,United States of America,44.15,-68.66666667
2854,CRIEHAVEN,크리헤이븐항,US,United States of America,43.83333333,-68.88333333
2855,MATINICUS,매티니쿠스항,US,United States of America,43.86666667,-68.88333333
2856,VINALHAVEN,비날헤이븐항,US,United States of America,44.05,-68.83333333
2857,NORTH HAVEN,노스헤이븐항,US,United States of America,44.13333333,-68.86666667
2858,CASTINE,캐스틴항,US,United States of America,44.38333333,-68.73333333
2859,SANDYPOINT,샌디포인트항,US,United States of America,44.51666667,-68.81666667
2860,BUCKSPORT,벅스포트항,US,United States of America,44.56666667,-68.78333333
2861,WINTERPORT,윈터포트항,US,United States of America,44.63333333,-68.85
2862,BANGOR,뱅거항,US,United States of America,44.8,-68.76666667
2863,SEARSPORT,시얼스포트항,US,United States of America,44.45,-68.91666667
2864,BELFAST,벨파스트항,US,United States of America,44.41666667,-69
2865,CAMDEN,캠든항,US,United States of America,44.21666667,-69.06666667
2866,ROCKPORT,록포트항,US,United States of America,44.18333333,-69.06666667
2867,ROCKLAND,록랜드항,US,United States of America,44.1,-69.1
2868,RETHIMNON,레팀논항,GR,Greece,35.36666667,24.46666667
2869,ZALIV RASA,자리프라사항,HR,Croatia,45.05,14.06666667
2870,DUGI RAT,두기랫항,HR,Croatia,43.45,16.65
2871,KORCULA,코르출라항,HR,Croatia,42.93333333,17.13333333
2872,TERMINI IMERESE,테르미니이메레제항,IT,Italy,37.98333333,13.7
2873,PORTOFERRAIO,페라리오항,IT,Italy,42.81666667,10.33333333
2874,ORISTANO,오리스타노항,IT,Italy,39.86666667,8.55
2875,TORRE DEL GRECO,토레델그레코항,IT,Italy,40.78333333,14.36666667
2876,SPETSES,스페체스항,GR,Greece,37.26666667,23.16666667
2877,PUERTO DE GARRUCHA,가루차항,ES,Spain,37.18333333,-1.816666667
2878,VILLANUEVA Y GELTRU,비야누에바이헬트루항,ES,Spain,41.23333333,1.733333333
2879,DROGHEDA,드로헤다항,IE,Ireland,53.71666667,-6.3
2880,VALENTIA,발렌티아항,IE,Ireland,51.93333333,-10.3
2881,RUNAVIK,루나비크항,FO,Faroe Islands,62.11666667,-6.716666667
2882,VAGUR,바구르항,FO,Faroe Islands,61.48333333,-6.8
2883,ST. MARY'S (SCILLY ISL.),세인트메리스항,GB,United Kingdom of Great Britain and Northern Ireland,49.91666667,-6.316666667
2884,NORSWORTHY,노스워디항,US,United States of America,29.73333333,-95.2
2885,PUERTO NATALES,나탈레스항,CL,Chile,-51.71666667,-72.56666667
2886,PASADENA,파사데나항,US,United States of America,29.71666667,-95.21666667
2887,PUERTO CHACABUCO,차카부코항,CL,Chile,-45.46666667,-72.83333333
2888,SINCO,싱코항,US,United States of America,29.71666667,-95.23333333
2889,PUERTO CASTRO,카스트로항,CL,Chile,-42.48333333,-73.76666667
2890,HOUSTON,휴스턴항,US,United States of America,29.75,-95.28333333
2891,PUERTO QUEMCHI,퀠무치항,CL,Chile,-42.15,-73.48333333
2892,FREEPORT,프리포트항,US,United States of America,28.95,-95.33333333
2893,PUERTO MONTT,몬트항,CL,Chile,-41.48333333,-72.96666667
2894,PALACIOS,팔라시오스항,US,United States of America,28.68333333,-96.21666667
2895,PUERTO DE CORRAL,코랄항,CL,Chile,-39.86666667,-73.43333333
2896,PORT LAVACA,라바카항,US,United States of America,28.61666667,-96.61666667
2897,BAHIA DE VALDIVIA,발디비아만항,CL,Chile,-39.8,-73.25
2898,PORT OCONNOR,오코너항,US,United States of America,28.45,-96.4
2899,LOTA,로타항,CL,Chile,-37.1,-73.15
2900,MAR DEL PLATA,마르델플라타항,AR,Argentina,-38.03333333,-57.53333333
2901,ITAJAI,이타자이항,BR,Brazil,-26.91666667,-48.63333333
2902,LAGUNA,라구나항,BR,Brazil,-28.5,-48.78333333
2903,TRAMANDAI,트라만다이항,BR,Brazil,-29.98333333,-50.13333333
2904,RIO GRANDE,리오그란데항,BR,Brazil,-32.05,-52.08333333
2905,PELOTAS,펠로타스항,BR,Brazil,-31.78333333,-52.33333333
2906,PORTO ALEGRE,알레그레항,BR,Brazil,-30.03333333,-51.23333333
2907,LA PALOMA,라팔로마항,UY,Uruguay,-34.65,-54.15
2908,PUERTO SAUCE,소세항,UY,Uruguay,-34.43333333,-57.45
2909,FRAY BENTOS,프라이벤트스항,UY,Uruguay,-33.11666667,-58.31666667
2910,PAYSANDU,파이산두항,UY,Uruguay,-32.31666667,-58.06666667
2911,PARANA,파라나항,AR,Argentina,-31.71666667,-60.53333333
2912,DIAMANTE,디아만테항,AR,Argentina,-32.06666667,-60.65
2913,PUERTO SAN MARTIN,산마르틴항,AR,Argentina,-32.71666667,-60.73333333
2914,VILLA CONSTITUCION,비야콘스티투시온항,AR,Argentina,-33.23333333,-60.33333333
2915,SAN NICOLAS,산니콜라스항,AR,Argentina,-33.33333333,-60.23333333
2916,RAMALLO,라마요항,AR,Argentina,-33.48333333,-60.01666667
2917,ZARATE,사라테항,AR,Argentina,-34.08333333,-59.03333333
2918,CAMPANA,캄파나항,AR,Argentina,-34.15,-58.96666667
2919,CONCORDIA,콩코르디아항,AR,Argentina,-31.4,-58.03333333
2920,MANITOWANING,매니토와니항,CA,Canada,45.75,-81.8
2921,SHEGUIANDAH,시귀안다항,CA,Canada,45.9,-81.91666667
2922,LITTLE CURRENT,리틀커런트항,CA,Canada,45.98333333,-81.93333333
2923,HONORA,호노라항,CA,Canada,45.86666667,-82.16666667
2924,KAGAWONG,카가웡항,CA,Canada,45.91666667,-82.25
2925,GORE BAY,고어베이항,CA,Canada,45.91666667,-82.46666667
2926,MELDRUM BAY,멜드럼항,CA,Canada,45.93333333,-83.11666667
2927,BLIND RIVER,블라인드리버항,CA,Canada,46.18333333,-82.95
2928,COCKBURN,콕번항,CA,Canada,45.95,-83.31666667
2929,THESSALON,테살론항,CA,Canada,46.25,-83.56666667
2930,BRUCE MINES,브루스마인스항,CA,Canada,46.28333333,-83.78333333
2931,HILTON,힐턴항,CA,Canada,46.25,-83.88333333
2932,DESBARATS,데스바라항,CA,Canada,46.33333333,-83.91666667
2933,RICHARDS LANDING,리처즈항,CA,Canada,46.3,-84.03333333
2934,SAULT STE MARIE,수세인트메리항,CA,Canada,46.51666667,-84.35
2935,ALGONAC,알고낙항,US,United States of America,42.61666667,-82.51666667
2936,MARINE CITY,마린시티항,US,United States of America,42.71666667,-82.5
2937,ST CLAIR,세인트클레어항,US,United States of America,42.81666667,-82.48333333
2938,PORT HURON,휴런항,US,United States of America,43,-82.43333333
2939,HARBOR BEACH,비치항,US,United States of America,43.85,-82.65
2940,COURTRIGHT,코트라이트항,CA,Canada,42.81666667,-82.46666667
2941,SODUS BAY,소더스항,US,United States of America,43.26666667,-76.98333333
2942,ROCHESTER,로체스터항,US,United States of America,43.26666667,-77.6
2943,YOUNGSTOWN,영스타운항,US,United States of America,43.25,-79.05
2944,PORT COLBORNE,콜보른항,CA,Canada,42.88333333,-79.25
2945,PORT MAITLAND,메이트랜드항,CA,Canada,42.85,-79.58333333
2946,PORT DOVER,도버항,CA,Canada,42.78333333,-80.2
2947,PORT STANLEY,스탠리항,CA,Canada,42.66666667,-81.2
2948,RONDEAU,론도항,CA,Canada,42.26666667,-81.9
2949,PELEE I NORTH WHARF,펠리 I항,CA,Canada,41.81666667,-82.66666667
2950,PELEE I WEST DOCK,펠리 I항,CA,Canada,41.76666667,-82.68333333
2951,LEAMINGTON,리밍턴항,CA,Canada,42.03333333,-82.6
2952,KINGSVILLE,킹스빌항,CA,Canada,42.01666667,-82.73333333
2953,AMHERSTBURG,앰허스트버그항,CA,Canada,42.1,-83.1
2954,WINDSOR,윈저항,CA,Canada,42.31666667,-83.03333333
2955,TONAWANDA,토나완다항,US,United States of America,43.03333333,-78.88333333
2956,BUFFALO,버팔로항,US,United States of America,42.88333333,-78.88333333
2957,DUNKIRK,던커크항,US,United States of America,42.48333333,-79.33333333
2958,ERIE,에리항,US,United States of America,42.15,-80.1
2959,CONNEAUT,코니어트항,US,United States of America,41.96666667,-80.55
2960,ASHTABULA,애슈타뷰라항,US,United States of America,41.9,-80.8
2961,FAIRPORT,페어포트항,US,United States of America,41.76666667,-81.3
2962,CLEVELAND,클리블랜드항,US,United States of America,41.5,-81.71666667
2963,LORAIN,로레인항,US,United States of America,41.46666667,-82.18333333
2964,VERMILION,버밀리언항,US,United States of America,41.43333333,-82.36666667
2965,HURON,휴런항,US,United States of America,41.4,-82.55
2966,SANDUSKY,샌더스키항,US,United States of America,41.45,-82.71666667
2967,BLINYU,블리뉴항,ID,Indonesia,-1.633333333,105.7833333
2968,RAS LAFFAN,라스라판항,QA,Qatar,25.91666667,51.58333333
2969,TANJUNGPANDAN,탄중판단항,ID,Indonesia,-2.75,107.6333333
2970,PALEMBANG,팔렘방항,ID,Indonesia,-2.983333333,104.7666667
2971,LUDERITZ BAY,루데리츠항,NA,Namibia,-26.65,15.15
2972,WALVIS BAY,발비스항,NA,Namibia,-22.95,14.5
2973,EAST LONDON,이스트런던항,ZA,South Africa,-33.03333333,27.91666667
2974,DURBAN,더반항,ZA,South Africa,-29.86666667,31.06666667
2975,INHAMBANE,인함바네항,MZ,Mozambique,-23.91666667,35.4
2976,BEIRA,베이라항,MZ,Mozambique,-19.83333333,34.83333333
2977,PORTO BELO,벨로항,MZ,Mozambique,-17.7,37.18333333
2978,PEBANE,페바네항,MZ,Mozambique,-17.26666667,38.15
2979,PEMBA,펨바항,MZ,Mozambique,-12.96666667,40.5
2980,IBO,이보항,MZ,Mozambique,-12.33333333,40.61666667
2981,KILWA KIVINJE,킬와키빈제항,TZ,"Tanzania, the United Republic of",-8.733333333,39.41666667
2982,MJIMWEMA TERMINAL,므짐웨마터미널항,TZ,"Tanzania, the United Republic of",-6.816666667,39.36666667
2983,TANGA,탕가항,TZ,"Tanzania, the United Republic of",-5.083333333,39.11666667
2984,ZANZIBAR,잔지바르항,TZ,"Tanzania, the United Republic of",-6.166666667,39.18333333
2985,KISMAAYO,키스마요항,SO,Somalia,-0.366666667,42.55
2986,BARAAWE,바라웨항,SO,Somalia,1.1,44.05
2987,VICTORIA,빅토리아항,SC,Seychelles,-4.616666667,55.45
2988,MORONI,모로니항,KM,Comoros,-11.7,43.25
2989,DZAOUDZI,자우디지항,KM,Comoros,-12.78333333,45.25
2990,ANDOANY,안도아니항,MG,Madagascar,-13.4,48.3
2991,MORONDAVA,모론다바항,MG,Madagascar,-20.28333333,44.3
2992,RAUMA,라우마항,FI,Finland,61.13333333,21.5
2993,UUSIKAUPUNKI,우시카우풍키항,FI,Finland,60.8,21.4
2994,NAANTALI,난탈리항,FI,Finland,60.46666667,22.01666667
2995,TURKU,투르쿠항,FI,Finland,60.45,22.23333333
2996,UDANG OILFIELD,우당유전항,ID,Indonesia,4.033333333,106.4833333
2997,SIGNILSKAR,시그닐스카르항,FI,Finland,60.2,19.33333333
2998,WIDURI MARINE TERMINAL,위두리해양터미널항,ID,Indonesia,-4.666666667,106.65
2999,MARIEHAMN,마리에함항,FI,Finland,60.1,19.91666667
3000,KUMUL,쿠물항,PG,Papua New Guinea,-8.1,144.5666667
3001,HANKO,한코항,FI,Finland,59.81666667,22.95
3002,TOREHAMN,토레함항,SE,Sweden,65.9,22.65
3003,TARAKOHE,타라코헤항,NZ,New Zealand,-40.85,172.9
3004,KOPMANHOLMEN,콥만홀멘항,SE,Sweden,63.16666667,18.58333333
3005,BAKAPIT,바카핏항,MY,Malaysia,4.95,118.5833333
3006,ORNSKOLDSVIK,외르네쇨드스비크항,SE,Sweden,63.28333333,18.71666667
3007,HUSUM,후숨항,SE,Sweden,63.33333333,19.15
3008,RUNDVIK,룬드비크항,SE,Sweden,63.53333333,19.45
3009,NORDMALING,노르말링항,SE,Sweden,63.56666667,19.48333333
3010,BINTANGOR,빈탕오르항,MY,Malaysia,2.166666667,111.6333333
3011,MOSTYN,모스틴항,MY,Malaysia,4.683333333,118.25
3012,PORT LANGKAWI,랑카위항,MY,Malaysia,6.433333333,99.76666667
3013,KEMAMAN HARBOR,케마만항,MY,Malaysia,4.25,103.4666667
3014,UMEA HAMN,우메아항,SE,Sweden,63.7,20.35
3015,TG. MANI,마니항,MY,Malaysia,2.15,111.35
3016,GUMBODAHAMN,금보다항,SE,Sweden,64.23333333,21.1
3017,TANJUNG PELEPAS,탄중펠레파스항,MY,Malaysia,1.35,103.55
3018,BONGKOT TERMINAL,봉컷터미널항,TH,Thailand,8.05,102.3333333
3019,VUNG TAU,풍타우항,VN,Viet Nam,10.35,107.0666667
3020,SKELLEFTEHAMN,셸레프테항,SE,Sweden,64.68333333,21.23333333
3021,KAGEHAMN,카게함엔항,SE,Sweden,64.83333333,21.03333333
3022,PATTANI,파타니항,TH,Thailand,6.95,101.3
3023,TANTAWAN MARINE TERMINAL,탄타완해양터미널항,TH,Thailand,10.08333333,101.4166667
3024,BRANNFORS,브란포스항,SE,Sweden,65.01666667,21.38333333
3025,BANG SAPHAN,방사판항,TH,Thailand,11.18333333,99.6
3026,KHANOM,카놈항,TH,Thailand,9.2,99.9
3027,LAEM CHABANG,램차방항,TH,Thailand,13.08333333,100.8833333
3028,PITEA,피테아항,SE,Sweden,65.31666667,21.48333333
3029,ERAWAN TERMINAL,에라완터미널항,TH,Thailand,9.1,101.35
3030,BENCHAMAS TERMINAL,벤차마스터미널항,TH,Thailand,10.51666667,101.25
3031,LULEA,룰레오항,SE,Sweden,65.58333333,22.16666667
3032,SI RACHA,시라차항,TH,Thailand,13.16666667,100.9166667
3033,MAP TA PHUT,맵타풋항,TH,Thailand,12.66666667,101.1666667
3034,GAVLE,가블레항,SE,Sweden,60.68333333,17.16666667
3035,COLON,코론항,AR,Argentina,-32.21666667,-58.13333333
3036,LA PLATA,라플라타항,AR,Argentina,-34.83333333,-57.88333333
3037,DEGRAD DES CANNES,드그라데데칸항,GF,French Guiana,4.85,-52.26666667
3038,PORTO SANTANA,산타나항,BR,Brazil,-0.05,-51.18333333
3039,BELEM,베렘항,BR,Brazil,-1.45,-48.5
3040,CAMETA,카메타항,BR,Brazil,-2.25,-49.5
3041,SANTAREM,산타렘항,BR,Brazil,-2.416666667,-54.71666667
3042,ITACOATIARA,이타코아치아라항,BR,Brazil,-3.15,-58.45
3043,MANAUS,마나우스항,BR,Brazil,-3.133333333,-60.01666667
3044,TUTOIA,투토이아항,BR,Brazil,-2.783333333,-42.28333333
3045,CAMOCIM,카모심항,BR,Brazil,-2.9,-40.83333333
3046,CABEDELO,카베델루항,BR,Brazil,-6.966666667,-34.83333333
3047,RECIFE,헤시피항,BR,Brazil,-8.05,-34.86666667
3048,PORTO DE MACEIO,마세이우항,BR,Brazil,-9.666666667,-35.73333333
3049,ARATU,아라투항,BR,Brazil,-12.78333333,-38.5
3050,MADRE DE DEUS,마드레데데우스항,BR,Brazil,-12.75,-38.61666667
3051,PORT OF ILHEUS,일레이우스항,BR,Brazil,-14.78333333,-39.01666667
3052,MACAE,마카에항,BR,Brazil,-22.36666667,-41.76666667
3053,PORTO DO FORNO,포르노항,BR,Brazil,-22.96666667,-42.01666667
3054,ANGRA DOS REIS,앙그라도스헤이스항,BR,Brazil,-23.01666667,-44.31666667
3055,SAO SEBASTIAO,상세바스티앙항,BR,Brazil,-23.8,-45.4
3056,SANTOS,산토스항,BR,Brazil,-23.95,-46.3
3057,MOENGO,모엥고항,SR,Suriname,5.633333333,-54.41666667
3058,MARACAIBO,마라카이보항,VE,Venezuela (Bolivarian Republic of),10.63333333,-71.6
3059,PORT CLINTON,클린턴항,US,United States of America,41.51666667,-82.93333333
3060,PUT IN BAY,푸트인항,US,United States of America,41.65,-82.81666667
3061,TOLEDO,톨레도항,US,United States of America,41.7,-83.46666667
3062,MONROE,몬로항,US,United States of America,41.88333333,-83.33333333
3063,TRENTON,트렌턴항,US,United States of America,42.13333333,-83.16666667
3064,WYANDOTTE,와이언도트항,US,United States of America,42.2,-83.15
3065,ROUGE RIVER,루즈리버항,US,United States of America,42.28333333,-83.11666667
3066,DETROIT,디트로이트항,US,United States of America,42.33333333,-83.03333333
3067,WALPOLE ISLAND,월폴아일랜드항,CA,Canada,42.61666667,-82.51666667
3068,SOMBRA,솜브라항,CA,Canada,42.71666667,-82.48333333
3069,SACKETS HARBOR,새킷츠하버항,US,United States of America,43.95,-76.11666667
3070,OSWEGO,오스위고항,US,United States of America,43.46666667,-76.51666667
3071,MASSON,마송항,CA,Canada,45.53333333,-75.41666667
3072,GATINEAU,가티노항,CA,Canada,45.48333333,-75.65
3073,OTTAWA,오타와항,CA,Canada,45.43333333,-75.7
3074,HULL,헐항,CA,Canada,45.43333333,-75.7
3075,BEAUHARNOIS,보르누아항,CA,Canada,45.31666667,-73.88333333
3076,COTEAU LANDING,코토랜딩항,CA,Canada,45.25,-74.2
3077,ST ZOTIQUE,생조티크항,CA,Canada,45.25,-74.25
3078,ST ANICET,생아니셋항,CA,Canada,45.13333333,-74.36666667
3079,SOUTH LANCASTER,사우스랭커스터항,CA,Canada,45.13333333,-74.5
3080,CORNWALL,콘월항,CA,Canada,45.01666667,-74.73333333
3081,CARDINAL,카디널항,CA,Canada,44.78333333,-75.38333333
3082,LOWER LAKES TERMINAL,로어레이크스터미널항,CA,Canada,44.73333333,-75.46666667
3083,BROCKVILLE,브록빌항,CA,Canada,44.58333333,-75.66666667
3084,ROCKPORT,록포트항,CA,Canada,44.38333333,-75.93333333
3085,GANANOQUE,가나노크웨항,CA,Canada,44.33333333,-76.16666667
3086,WOLFE ISLAND,울프아일랜드항,CA,Canada,44.2,-76.43333333
3087,KINGSTON,킹스턴항,CA,Canada,44.23333333,-76.5
3088,OGDENSBURG,오그덴스버그항,US,United States of America,44.7,-75.5
3089,ALEXANDRIA BAY,알렉산드리아베이항,US,United States of America,44.33333333,-75.91666667
3090,CLAYTON,클레이턴항,US,United States of America,44.23333333,-76.05
3091,MILLHAVEN,밀헤이븐항,CA,Canada,44.2,-76.73333333
3092,PICTON,픽턴항,CA,Canada,44.01666667,-77.13333333
3093,BELLEVILLE,벨빌항,CA,Canada,44.15,-77.4
3094,TRENTON,트렌턴항,CA,Canada,44.1,-77.56666667
3095,COBOURG,코버그항,CA,Canada,43.95,-78.16666667
3096,PORT HOPE,포트호프항,CA,Canada,43.93333333,-78.28333333
3097,OSHAWA,오샤와항,CA,Canada,43.86666667,-78.81666667
3098,PORT WHITBY,포트휘트비항,CA,Canada,43.85,-78.93333333
3099,TORONTO,토론토항,CA,Canada,43.61666667,-79.38333333
3100,PORT CREDIT,포트크레디트항,CA,Canada,43.55,-79.58333333
3101,CLARKSON,클락슨항,CA,Canada,43.5,-79.6
3102,OAKVILLE,오크빌항,CA,Canada,43.43333333,-79.66666667
3103,BRONTE,브론트항,CA,Canada,43.4,-79.71666667
3104,HAMILTON,해밀턴항,CA,Canada,43.25,-79.85
3105,PORT DALHOUSIE,포트달하우지항,CA,Canada,43.21666667,-79.26666667
3106,PORT WELLER,포트웰러항,CA,Canada,43.23333333,-79.21666667
3107,WELLAND,웰랜드항,CA,Canada,43,-79.25
3108,TOLIARA,툴리아라항,MG,Madagascar,-23.36666667,43.66666667
3109,MANANJARY,마난자리항,MG,Madagascar,-21.25,48.33333333
3110,TOAMASINA,토아마시나항,MG,Madagascar,-18.16666667,49.41666667
3111,ANTISRANANA,앙치라나나항,MG,Madagascar,-12.26666667,49.28333333
3112,SAINT-DENIS,생드니항,RE,Reunion?,-20.86666667,55.45
3113,PORT OUEST,포르투우에스트항,RE,Reunion?,-20.93333333,55.28333333
3114,PORT LOUIS,포트루이스항,MU,Mauritius,-20.15,57.5
3115,PORT MATHURIN,포트마튀랭항,MU,Mauritius,-19.68333333,63.41666667
3116,GASPE,가스페항,CA,Canada,48.83333333,-64.48333333
3117,RIMOUSKI,리무스키항,CA,Canada,48.45,-68.51666667
3118,CHICOUTIMI (PORT SAGUENAY),시쿠티미(사구네항),CA,Canada,48.43333333,-71.06666667
3119,SOREL,소렐항,CA,Canada,46.05,-73.11666667
3120,JASK,자스크항,IR,Iran (Islamic Republic of),25.63333333,57.76666667
3121,DORALEH,도랄레항,DJ,-,11.6,43.08333333
3122,BOOSAASO,보사소항,SO,Somalia,11.28333333,49.18333333
3123,AL KHAIR OIL TERMINAL,알카이르 오일터미널항,SD,Sudan,19.58333333,37.25
3124,BESHAYER OIL TERMINAL,베샤이르 오일터미널항,SD,Sudan,19.4,37.31666667
3125,SAWAKIN HARBOR,사와킨항,SD,Sudan,19.13333333,37.35
3126,UMM AL QAYWAYN,움알콰이와인항,AE,United Arab Emirates,25.58333333,55.58333333
3127,SHARJAH OFFSHORE TERMINAL,샤르자 오프쇼어터미널항,AE,United Arab Emirates,25.58333333,55.4
3128,ASH SHARIQAH,샤르자항,AE,United Arab Emirates,25.41666667,55.36666667
3129,AJMAN,아지만항,AE,United Arab Emirates,25.41666667,55.43333333
3130,AL JAZEERA PORT,알자지라항,AE,United Arab Emirates,25.71666667,55.78333333
3131,ZIRKUH PETROLEUM PORT,지르쿠 석유항,AE,United Arab Emirates,25.01666667,53
3132,BENGKULU,벵쿨루항,ID,Indonesia,-3.783333333,102.25
3133,CANAPORT (ST. JOHN),캐나포트(세인트존)항,CA,Canada,45.2,-65.98333333
3134,YARMOUTH,야머스항,CA,Canada,43.83333333,-66.11666667
3135,LIVERPOOL (BROOKLYN),리버풀(브루클린)항,CA,Canada,44.03333333,-64.65
3136,WHITEHAVEN HARBOR,화이트헤이븐항,CA,Canada,45.23333333,-61.18333333
3137,JIJEL,지젤항,DZ,Algeria,36.83333333,5.783333333
3138,NORRSUNDET,노르순데트항,SE,Sweden,60.93333333,17.16666667
3139,SONGKHLA HARBOR,송클라항,TH,Thailand,7.216666667,100.5833333
3140,DAI HANG,다이항,VN,Viet Nam,8.483333333,108.6833333
3141,VALLVIK,발비크항,SE,Sweden,61.18333333,17.16666667
3142,MUI VUNG TAU,무이풍타우항,VN,Viet Nam,10.31666667,107.0666667
3143,SODERHAMN,쇠데르함항,SE,Sweden,61.3,17.08333333
3144,PHU MY,푸미항,VN,Viet Nam,10.58333333,107.0333333
3145,GINGOOG,진구그항,PH,Philippines,8.833333333,125.1
3146,IGGESUND,이게순드항,SE,Sweden,61.65,17.08333333
3147,ISABEL,이사벨항,PH,Philippines,10.91666667,124.4333333
3148,HUDIKSVALL,후딕스발항,SE,Sweden,61.73333333,17.11666667
3149,MASAO,마사오항,PH,Philippines,9,125.4166667
3150,STOCKA,스토카항,SE,Sweden,61.9,17.35
3151,TANAUAN,타나완항,PH,Philippines,11.1,125.0166667
3152,SHAKHTERSK,샤흐테르스크항,RU,Russia,49.16666667,142.0666667
3153,KAVKAZ OIL TERMINAL,카브카즈 오일터미널항,RU,Russia,45.33333333,36.65
3154,ZARUBINO,자리비노항,RU,Russia,42.63333333,131.0833333
3155,VITAZ MARINE TERMINAL,비타즈 해양터미널항,RU,Russia,52.7,143.55
3156,STOCKVIK,스토크빅항,SE,Sweden,62.33333333,17.38333333
3157,SUNDSVALL,순즈발항,SE,Sweden,62.38333333,17.35
3158,VIVSTAVARV,비브스타바르브항,SE,Sweden,62.48333333,17.35
3159,SORAKER,소라케르항,SE,Sweden,62.5,17.5
3160,HARNOSAND,하르노산드항,SE,Sweden,62.63333333,17.93333333
3161,ULVVIK,울비크항,SE,Sweden,62.66666667,17.86666667
3162,UTANSJO,우탄쇼항,SE,Sweden,62.76666667,17.93333333
3163,GUSTAVSVIK,구스타브스빅항,SE,Sweden,62.83333333,17.88333333
3164,LUNDE,룬데항,SE,Sweden,62.88333333,17.88333333
3165,KRAMFORS,크람포르스항,SE,Sweden,62.93333333,17.8
3166,KARSKAR,카르스카르항,SE,Sweden,60.68333333,17.26666667
3167,VAJA,바야항,SE,Sweden,62.98333333,17.71666667
3168,BOLLSTABRUK,볼스타브룩항,SE,Sweden,63,17.7
3169,DEGERHAMN,데게르함항,SE,Sweden,56.35,16.41666667
3170,RONEHAMN,로나함항,SE,Sweden,57.11666667,18.5
3171,SLITE,슬리테항,SE,Sweden,57.7,18.81666667
3172,FAROSUND,파로순드항,SE,Sweden,57.91666667,19.05
3173,STORUGNS,스토룬스항,SE,Sweden,57.83333333,18.8
3174,VISBY,비스비항,SE,Sweden,57.63333333,18.28333333
3175,KLINTEHAMN,클린테함항,SE,Sweden,57.38333333,18.2
3176,VERKEBACK,베르케바크항,SE,Sweden,57.73333333,16.53333333
3177,VASTERVIK,바스테르비크항,SE,Sweden,57.76666667,16.65
3178,NORRKOPING,뇌르셰핑항,SE,Sweden,58.58333333,16.2
3179,OXELOSUND,옥셀로순드항,SE,Sweden,58.66666667,17.11666667
3180,NYKOPING,뉘셰핑항,SE,Sweden,58.75,17.01666667
3181,SODERTALJE,소데르텔예항,SE,Sweden,59.18333333,17.65
3182,NYNASHAMN,뉘나셈항,SE,Sweden,58.9,17.96666667
3183,SAN LORENZO,산로렌조항,VE,Venezuela (Bolivarian Republic of),9.783333333,-71.06666667
3184,PUNTA DE PALMAS,푼타데팔마스항,VE,Venezuela (Bolivarian Republic of),10.78333333,-71.58333333
3185,BAJO GRANDE,바조그란데항,VE,Venezuela (Bolivarian Republic of),10.51666667,-71.63333333
3186,PUNTA CARDON,푼타카르돈항,VE,Venezuela (Bolivarian Republic of),11.63333333,-70.23333333
3187,AMUAY (BAHIA DE AMUAY),아무아이(바히아데아무아이)항,VE,Venezuela (Bolivarian Republic of),11.75,-70.23333333
3188,PUERTO CUMAREBO,쿠마레보항,VE,Venezuela (Bolivarian Republic of),11.48333333,-69.35
3189,EL PALITO,엘팔리토항,VE,Venezuela (Bolivarian Republic of),10.48333333,-68.11666667
3190,PUERTO CABELLO,푸에르토카베요항,VE,Venezuela (Bolivarian Republic of),10.48333333,-68
3191,LA GUAIRA,과이라항,VE,Venezuela (Bolivarian Republic of),10.61666667,-66.93333333
3192,GUANTA,관타항,VE,Venezuela (Bolivarian Republic of),10.25,-64.58333333
3193,BAHIA DE PERTIGALETE,베이아데페르티갈레테항,VE,Venezuela (Bolivarian Republic of),10.23333333,-64.56666667
3194,CARUPANO,카루파노항,VE,Venezuela (Bolivarian Republic of),10.7,-63.25
3195,GUIRIA,귀리아항,VE,Venezuela (Bolivarian Republic of),10.56666667,-62.3
3196,PUERTO DE HIERRO,훼로항,VE,Venezuela (Bolivarian Republic of),10.63333333,-62.1
3197,CARIPITO,카리피토항,VE,Venezuela (Bolivarian Republic of),10.15,-63.03333333
3198,PALUA,팔루아항,VE,Venezuela (Bolivarian Republic of),8.366666667,-62.68333333
3199,PUERTO ORDAZ,오르다스항,VE,Venezuela (Bolivarian Republic of),8.35,-62.71666667
3200,GEORGETOWN,조지타운항,GY,Guyana,6.833333333,-58.16666667
3201,LINDEN,린든항,GY,Guyana,6,-58.3
3202,NEW AMSTERDAM,뉴암스테르담항,GY,Guyana,6.25,-57.51666667
3203,NIEUW NICKERIE,니우니커리항,SR,Suriname,5.95,-57
3204,PARAMARIBO,파라마리보항,SR,Suriname,5.833333333,-55.16666667
3205,PARANAM,파라남항,SR,Suriname,5.616666667,-55.1
3206,BASSE TERRE,바스테르항,GP,Guadeloupe,16,-61.73333333
3207,PORT LOUIS,포트루이스항,GP,Guadeloupe,16.41666667,-61.53333333
3208,ROSEAU,로소항,DM,Dominica,15.3,-61.4
3209,PORTSMOUTH,포츠머스항,DM,Dominica,15.56666667,-61.46666667
3210,FORT DE FRANCE,포르드프랑스항,MQ,Martinique,14.6,-61.06666667
3211,THOROLD,토롤드항,CA,Canada,43.08333333,-79.71666667
3212,ST CATHERINE,세인트캐서린항,CA,Canada,43.18333333,-79.28333333
3213,NIAGARA,나이아가라항,CA,Canada,43.25,-79.06666667
3214,QUEENSTON,퀸스턴항,CA,Canada,43.16666667,-79.06666667
3215,CHAUMONT,쇼몽항,US,United States of America,44.06666667,-76.13333333
3216,CUMBERLAND,컴벌랜드항,CA,Canada,45.51666667,-75.4
3217,GRAND BANK,그랜드뱅크항,CA,Canada,47.1,-55.75
3218,PORT AUX BASQUES,포트옥스바스크항,CA,Canada,47.56666667,-59.13333333
3219,STEPHENVILLE,스티븐빌항,CA,Canada,48.53333333,-58.53333333
3220,ST GEORGE'S,세인트조지항,CA,Canada,48.45,-58.45
3221,CORNER BROOK,코너브룩항,CA,Canada,48.95,-57.95
3222,BLANC SABLON,블랑사블롱항,CA,Canada,51.41666667,-57.13333333
3223,HAVRE ST PIERRE,아브르생피에르항,CA,Canada,50.23333333,-63.6
3224,POINTE NOIRE,누아르항,CA,Canada,50.16666667,-66.48333333
3225,PORT CARTIER,카르티에항,CA,Canada,50.03333333,-66.78333333
3226,MATANE,마탄항,CA,Canada,48.85,-67.53333333
3227,BAIE COMEAU,코모항,CA,Canada,49.23333333,-68.13333333
3228,TADOUSSAC,타두삭항,CA,Canada,48.15,-69.71666667
3229,LA BAIE (PORT ALFRED),라베이항,CA,Canada,48.33333333,-70.88333333
3230,RIVIERE DU LOUP,리비에르뒤루프항,CA,Canada,47.83333333,-69.51666667
3231,QUEBEC,퀘벡항,CA,Canada,46.81666667,-71.21666667
3232,TROIS RIVIERES,트루아리비에르항,CA,Canada,46.35,-72.55
3233,MONTREAL,몬트리올항,CA,Canada,45.51666667,-73.55
3234,VAUDREUIL,보드뤼이항,CA,Canada,45.4,-74.03333333
3235,OKA SUR LE LAC,오카수르르락항,CA,Canada,45.46666667,-74.08333333
3236,HUDSON,허드슨항,CA,Canada,45.46666667,-74.13333333
3237,ST PLACIDE,생플라시드항,CA,Canada,45.53333333,-74.2
3238,ST ANDREWS EAST,생앤드류이스트항,CA,Canada,45.56666667,-74.33333333
3239,CARILLON,캐릴론항,CA,Canada,45.56666667,-74.36666667
3240,CHUTE A BLONDEAU,슈트아블론도항,CA,Canada,45.58333333,-74.46666667
3241,GRENVILLE,그렌빌항,CA,Canada,45.63333333,-74.6
3242,HAWKESBURY,호크스버리항,CA,Canada,45.61666667,-74.61666667
3243,FASSETT,패싯항,CA,Canada,45.65,-74.86666667
3244,MONTEBELLO,몬테벨로항,CA,Canada,45.65,-74.93333333
3245,PAPINEAUVILLE,파피노빌항,CA,Canada,45.61666667,-75.01666667
3246,THURSO,서소항,CA,Canada,45.6,-75.23333333
3247,SYDNEY,시드니항,CA,Canada,46.15,-60.2
3248,LOUISBURG,루이스버그항,CA,Canada,45.91666667,-59.96666667
3249,SOURIS HARBOUR,수리스항,CA,Canada,46.35,-62.25
3250,CHARLOTTETOWN,찰로트타운항,CA,Canada,46.23333333,-63.13333333
3251,DALHOUSIE,달하우지항,CA,Canada,48.06666667,-66.36666667
3252,MINGAN,밍간항,CA,Canada,50.28333333,-64.01666667
3253,SEPT ILES,셉틸항,CA,Canada,50.2,-66.38333333
3254,BURGEO,버지오항,CA,Canada,47.6,-57.61666667
3255,PORT DE ST PIERRE,생피에르항,CA,Canada,46.78333333,-56.16666667
3256,COME BY CHANCE HARBOR,컴바이챈스항,CA,Canada,47.8,-54.01666667
3257,BELAWAN,벨라완항,ID,Indonesia,3.783333333,98.68333333
3258,SIDI KERIR (KURAYR),시디케리르항,EG,Egypt,31.1,29.61666667
3259,GRESIK,그레식항,ID,Indonesia,-7.15,112.65
3260,FORTUNE HARBOR,포춘항,CA,Canada,49.53333333,-55.23333333
3261,SPRINGDALE,스프링데일항,CA,Canada,49.5,-56.06666667
3262,HAIFA,하이파항,IL,Israel,32.81666667,35
3263,BAYRUT,베이루트항,LB,Lebanon,33.9,35.5
3264,CONCHE,콩체항,CA,Canada,50.88333333,-55.9
3265,BRINDISI,브린디시항,IT,Italy,40.65,17.98333333
3266,PORT BERINGOVSKY,베링고브스키항,RU,Russia,63.06666667,179.3666667
3267,EL JADIDA,엘자디다항,MA,Morocco,33.25,-8.5
3268,CHURCHILL,처칠항,CA,Canada,58.78333333,-94.18333333
3269,GUSTAVSBERG,구스타브스베리항,SE,Sweden,59.31666667,18.38333333
3270,SANDHAMN,산드함항,SE,Sweden,59.28333333,18.91666667
3271,STOCKHOLM,스톡홀름항,SE,Sweden,59.33333333,18.05
3272,VASTERAS,베스테라스항,SE,Sweden,59.61666667,16.55
3273,GRISSLEHAMN,그리스레함항,SE,Sweden,60.1,18.81666667
3274,HALLSTAVIK,할스타빅항,SE,Sweden,60.05,18.58333333
3275,HARGSHAMN,하그샴항,SE,Sweden,60.18333333,18.45
3276,SKUTSKAR,스쿳스카르항,SE,Sweden,60.65,17.4
3277,OSKARSHAMN,오스카르스함항,SE,Sweden,57.26666667,16.45
3278,FIGEHOLM,피게홀름항,SE,Sweden,57.36666667,16.5
3279,MOSS,모스항,NO,Norway,59.45,10.66666667
3280,SARPSBORG,사프스보르그항,NO,Norway,59.26666667,11.1
3281,FREDRIKSTAD,프레드리크스타드항,NO,Norway,59.2,10.95
3282,HALDEN,할덴항,NO,Norway,59.11666667,11.38333333
3283,STROMSTAD,스트롬스타드항,SE,Sweden,58.93333333,11.16666667
3284,GREBBESTAD,그레베스타드항,SE,Sweden,58.68333333,11.26666667
3285,ROCKPORT,록포트항,US,United States of America,28.01666667,-97.05
3286,CORPUS CHRISTI,코퍼스크리스티항,US,United States of America,27.81666667,-97.4
3287,PORT ARANSAS,아란사스항,US,United States of America,27.83333333,-97.05
3288,PORT INGLESIDE,잉글사이드항,US,United States of America,27.81666667,-97.18333333
3289,PORT ISABEL,이사벨항,US,United States of America,26.08333333,-97.2
3290,BROWNSVILLE,브라운스빌항,US,United States of America,25.95,-97.4
3291,TAMPICO,탐피코항,MX,Mexico,22.21666667,-97.86666667
3292,VERACRUZ,베라크루즈항,MX,Mexico,19.2,-96.13333333
3293,CAYO ARCAS TERMINAL,카요아르카스터미널항,MX,Mexico,20.16666667,-91.98333333
3294,COATZACOALCOS,코아츠아코알코스항,MX,Mexico,18.15,-94.41666667
3295,MINATITLAN,미나티틀란항,MX,Mexico,17.9,-94.58333333
3296,ESTRELA OIL FIELD,에스트렐라유전항,AO,Angola,-6.45,12.4
3297,NORTH POINT,노스포인트항,SH,"Saint Helena, Ascension and Tristan da Cunha",-7.883333333,-14.36666667
3298,SALINA,살리나항,BQ,-,12.08333333,-68.28333333
3299,SINT MICHELSBAAI,신트미헬스바이항,CW,-,12.13333333,-69.01666667
3300,COVENAS OFFSHORE TERM.,코베나스해상터미널항,CO,Colombia,9.5,-75.73333333
3301,EL GUAMACHE,엘과마체항,VE,Venezuela (Bolivarian Republic of),10.9,-64.1
3302,VILA DO CONDE,빌라도콘데항,BR,Brazil,-1.55,-48.75
3303,GUAMARE OIL TERMINAL,과마레 오일터미널항,BR,Brazil,-4.866666667,-36.28333333
3304,UKPOKITI MARINE TERMINAL,욱포키티 해양터미널항,NG,Nigeria,5.716666667,4.833333333
3305,SAN SEBASTIAN BAY,산세바스티안만항,AR,Argentina,-53.16666667,-68.5
3306,VILLA CONSTITUCION,비야콘스티투시온항,AR,Argentina,-33.3,-60.33333333
3307,PUERTO WILLIAMS,푸에르토윌리엄스항,CL,Chile,-54.93333333,-67.6
3308,CALETA PATILLOS,칼레타파틸로스항,CL,Chile,-20.73333333,-70.2
3309,JAYAPURA,자야푸라항,ID,Indonesia,-2.533333333,140.7166667
3310,ACAJUTLA OFFSHORE TERMINAL,아카후틀라 해상터미널항,SV,El Salvador,13.58333333,-89.86666667
3311,DILI,딜리항,TL,East Timor Leste,-8.533333333,125.5833333
3312,KUPANG,쿠팡항,ID,Indonesia,-10.16666667,123.5833333
3313,VACAMONTE,바카몬테항,PA,Panama,8.866666667,-79.66666667
3314,CAYO MOA GRANDE,카요모아그란데항,CU,Cuba,20.66666667,-74.9
3315,NEW ROSS,뉴로스항,IE,Ireland,52.38333333,-6.95
3316,CASTLETOWN BEARHAVEN,캐슬타운 베어헤이븐항,IE,Ireland,51.65,-9.916666667
3317,KILRUSH,킬러쉬항,IE,Ireland,52.63333333,-9.5
3318,GOLD RIVER,골드리버항,CA,Canada,49.68333333,-126.1166667
3319,STURA,스투라항,NO,Norway,60.61666667,4.85
3320,SANDARNE,산다르네항,SE,Sweden,61.26666667,17.18333333
3321,DOMSJO,돔쇠항,SE,Sweden,63.26666667,18.73333333
3322,OBBOLA,오볼라항,SE,Sweden,63.7,20.33333333
3323,VEITSILUOTO,베이치루오토항,FI,Finland,65.7,24.61666667
3324,PORI,포리항,FI,Finland,61.48333333,21.8
3325,PARGAS,파르가스항,FI,Finland,60.28333333,22.06666667
3326,NYKOBING (MOR),뉘쾨빙(모르)항,DK,Danmark,56.76666667,11.86666667
3327,GULFHAVEN,걸프헤이븐항,DK,Danmark,55.2,11.26666667
3328,CONTRECOUR,콩트르쿠르항,CA,Canada,45.88333333,-73.2
3329,GOOSE BAY,구스베이항,CA,Canada,53.36666667,-60.3
3330,AYIOS NIKOLAOS,아이오스 니콜라오스항,GR,Greece,35.2,25.71666667
3331,GEMLIK,겜릭항,TR,Turkey,40.41666667,29.11666667
3332,PORTO DE MUCURIPE,무쿠리피항,BR,Brazil,-3.716666667,-38.48333333
3333,NATAL,나탈항,BR,Brazil,-5.783333333,-35.2
3334,PORT DE ARACAJU,아라카주항,BR,Brazil,-10.91666667,-37.05
3335,PORT DE SALVADOR,살바도르항,BR,Brazil,-12.96666667,-38.51666667
3336,VITORIA,비토리아항,BR,Brazil,-20.31666667,-40.33333333
3337,TUBARAO,투바랑항,BR,Brazil,-20.28333333,-40.25
3338,RIO DE JANEIRO,리우데자네이루항,BR,Brazil,-22.9,-43.16666667
3339,NITEROI,니테로이항,BR,Brazil,-22.88333333,-43.11666667
3340,PARANAGUA,파라나과항,BR,Brazil,-25.5,-48.51666667
3341,SAO FRANCISCO,상프란시스코항,BR,Brazil,-26.25,-48.63333333
3342,MONTEVIDEO,몬테비데오항,UY,Uruguay,-34.9,-56.21666667
3343,COLONIA,콜로니아항,UY,Uruguay,-34.46666667,-57.85
3344,NUEVA PALMIRA,누에바팔미라항,UY,Uruguay,-33.88333333,-58.41666667
3345,PUERTO DE ASUNCION,푸에르토아순시온항,PY,Paraguay,-25.26666667,-57.68333333
3346,SANTA FE,산타페항,AR,Argentina,-31.65,-60.7
3347,SAN LORENZO,산로렌조항,AR,Argentina,-32.75,-60.73333333
3348,ROSARIO,로사리오항,AR,Argentina,-32.95,-60.63333333
3349,SAN PEDRO,산페드로항,AR,Argentina,-33.58333333,-59.81666667
3350,PUERTO IBICUY,푸에르토이비쿠이항,AR,Argentina,-33.75,-59.18333333
3351,CONCEPCION DEL URUGUAY,우루과이 콩셉시온항,AR,Argentina,-32.48333333,-58.23333333
3352,BUENOS AIRES,부에노스아이레스항,AR,Argentina,-34.6,-58.36666667
3353,QUEQUEN,케켄항,AR,Argentina,-38.58333333,-58.7
3354,PUERTO ROSALES,푸에르토로살레스항,AR,Argentina,-38.93333333,-62.06666667
3355,WAINWRIGHT,웨인라이트항,US,United States of America,70.65,-160
3356,BARROW,배로우항,US,United States of America,71.28333333,-156.7833333
3357,PRUDHOE BAY,프루도베이항,US,United States of America,70.33333333,-148.4166667
3358,BERNARD HARBOR,버나드항,US,United States of America,70.13333333,-143.6333333
3359,TUKTOYAKTUK,턱토야투크항,CA,Canada,69.45,-133
3360,POLICE POINT,폴리스포인트항,CA,Canada,70.18333333,-124.75
3361,PAULATUK,폴라툭항,CA,Canada,69.35,-124.0833333
3362,PEARCE POINT,피어스포인트항,CA,Canada,69.81666667,-122.75
3363,TYSOE POINT,타이소포인트항,CA,Canada,69.6,-120.75
3364,SACHS HARBOR,삭스항,CA,Canada,71.96666667,-125.25
3365,CAPE YOUNG,케이프영항,CA,Canada,68.93333333,-116.9333333
3366,BERNARD HARBOR,버나드항,CA,Canada,68.78333333,-114.7666667
3367,LADY FRANKLIN POINT,레이디프랭클린포인트항,CA,Canada,68.48333333,-113.2666667
3368,COPPERMINE,코퍼마인항  ,CA,Canada,67.8,-115.05
3369,CAMBRIDGE BAY,케임브리지베이항  ,CA,Canada,69.11666667,-105.0666667
3370,RESOLUTE BAY,레절루트베이항  ,CA,Canada,74.68333333,-95.9
3371,BARENTSBURG,바렌츠부르크항  ,XR,-,78.06666667,14.23333333
3372,LONGYEARBYEN,롱이어비엔항  ,XR,-,78.2,15.7
3373,NY ALESUND,뉘올레순항  ,XR,-,78.91666667,11.95
3374,KIRKENES,키르케네스항  ,NO,Norway,69.73333333,30.05
3375,VADSO,바드쇠항  ,NO,Norway,70.06666667,29.75
3376,BATSFJORDEN,바츠피오르덴항  ,NO,Norway,70.63333333,29.73333333
3377,VARDO,바르되항  ,NO,Norway,70.36666667,31.11666667
3378,BERLEVAG,베를레보그항  ,NO,Norway,70.86666667,29.1
3379,KJOLLEFJORDEN,쇠를레피오르덴항  ,NO,Norway,70.95,27.33333333
3380,HONNINGSVAG,혼닝스바그항  ,NO,Norway,70.98333333,26
3381,MASSACRE BAY,매서크베이항  ,US,United States of America,52.83333333,173.2333333
3382,VILLAGE COVE,빌리지코브항,US,United States of America,57.13333333,-170.2666667
3383,SAN JUAN CANNERY,산후안캐너리항  ,US,United States of America,60.05,-148.0666667
3384,LATOUCHE,라투슈항  ,US,United States of America,60.05,-148.0666667
3385,SEWARD,수어드항  ,US,United States of America,60.1,-149.4333333
3386,PORT GRAHAM,포트그래햄항  ,US,United States of America,59.35,-151.8166667
3387,SELDOVIA,셀도비아항  ,US,United States of America,59.43333333,-151.7333333
3388,HOMER,호머항  ,US,United States of America,59.6,-151.4166667
3389,COAL POINT,콜포인트항  ,US,United States of America,59.6,-151.4166667
3390,NINILCHIK,니닐칙항  ,US,United States of America,60.05,-151.6833333
3391,KENAI,케나이항  ,US,United States of America,60.55,-151.2666667
3392,NIKISKI,니키스키항  ,US,United States of America,60.68333333,-151.4
3393,ANCHORAGE,앵커리지항  ,US,United States of America,61.21666667,-149.9
3394,DRIFT RIVER,드리프트리버항  ,US,United States of America,60.55,-152.1333333
3395,SNUG HARBOR,스너그하버항  ,US,United States of America,60.1,-152.5833333
3396,OUZINKIE,우진키항  ,US,United States of America,57.91666667,-152.5
3397,KODIAK,코디악항  ,US,United States of America,57.78333333,-152.4
3398,WOMENS BAY,우먼스베이항  ,US,United States of America,57.71666667,-152.5166667
3399,PORT HOBRON,포트호브론항  ,US,United States of America,57.16666667,-153.1666667
3400,MCCORD,맥코드항  ,US,United States of America,57.15,-153.2
3401,THREE SAINTS BAY,쓰리세인츠베이항  ,US,United States of America,57.11666667,-153.5
3402,TRAP POINT,트랩포인트항  ,US,United States of America,57,-154.15
3403,LAZY BAY,레이지베이항  ,US,United States of America,56.9,-154.25
3404,KARLUK,카를루크항  ,US,United States of America,57.56666667,-154.45
3405,UYAK,우야크항  ,US,United States of America,57.63333333,-154
3406,LARSEN BAY,라르센베이항  ,US,United States of America,57.53333333,-153.9833333
3407,PORT OBRIEN,포트오브라이언항  ,US,United States of America,57.73333333,-153.3166667
3408,CIUDAD DEL CARMEN,시우다드델카르멘항  ,MX,Mexico,18.63333333,-91.86666667
3409,PROGRESO,프로그레소항  ,MX,Mexico,21.28333333,-89.66666667
3410,SAN MIGUEL DE COZUMEL,산미겔데코수멜항  ,MX,Mexico,20.5,-86.96666667
3411,PUERTO BARRIOS,푸에르토바리오스항  ,GT,Guatemala,15.73333333,-88.6
3412,SANTO THOMAS DE CASTILLA,산토토마스데카스티야항  ,GT,Guatemala,15.7,-88.61666667
3413,PUERTO CORTES,푸에르토코르테스항  ,HN,Honduras,15.83333333,-87.95
3414,TELA,텔라항  ,HN,Honduras,15.78333333,-87.45
3415,LA CEIBA,라세이바항  ,HN,Honduras,15.78333333,-86.8
3416,TRUJILLO,트루히요항  ,HN,Honduras,15.91666667,-85.95
3417,PUERTO CASTILLA,푸에르토카스티야항  ,HN,Honduras,16,-85.98333333
3418,PORT NECHES,포트니치스항  ,US,United States of America,30,-93.95
3419,BEAUMONT,보몬트항  ,US,United States of America,30.08333333,-94.08333333
3420,GALVESTON,갤버스턴항  ,US,United States of America,29.31666667,-94.78333333
3421,JACKSONVILLE,잭슨빌항  ,US,United States of America,30.31666667,-81.65
3422,ST AUGUSTINE,세인트어거스틴항  ,US,United States of America,29.9,-81.31666667
3423,CANAVERAL HARBOR,커내버럴항  ,US,United States of America,28.7,-80.61666667
3424,FORT PIERCE,포트피어스항  ,US,United States of America,27.46666667,-80.31666667
3425,PALM BEACH,팜비치항  ,US,United States of America,26.76666667,-80.05
3426,PORT EVERGLADES,포트에버글레이즈항  ,US,United States of America,26.1,-80.11666667
3427,MIAMI,마이애미항  ,US,United States of America,25.78333333,-80.18333333
3428,KEY WEST,키웨스트항  ,US,United States of America,24.55,-81.81666667
3429,BOCA GRANDE,보카그란데항  ,US,United States of America,26.7,-82.33333333
3430,PORT MANATEE,포트마나티항  ,US,United States of America,27.63333333,-82.56666667
3431,TAMPA,탬파항  ,US,United States of America,27.91666667,-82.45
3432,ST PETERSBURG,세인트피터즈버그항  ,US,United States of America,27.76666667,-82.61666667
3433,TARPON SPRINGS,타폰스프링스항  ,US,United States of America,28.15,-82.76666667
3434,CARRABELLE,캐러벨항  ,US,United States of America,29.85,-84.66666667
3435,APALACHICOLA,아팔래치콜라항  ,US,United States of America,29.71666667,-84.98333333
3436,PORT ST JOE,포트세인트조항  ,US,United States of America,29.81666667,-85.31666667
3437,PANAMA CITY,파나마시티항  ,US,United States of America,30.13333333,-85.65
3438,PENSACOLA,펜서콜라항  ,US,United States of America,30.4,-87.21666667
3439,MOBILE,모빌항  ,US,United States of America,30.68333333,-88.11666667
3440,PASCAGOULA,패스카굴라항  ,US,United States of America,30.35,-88.56666667
3441,BILOXI,빌럭시항  ,US,United States of America,30.38333333,-88.88333333
3442,GULFPORT,걸프포트항  ,US,United States of America,30.35,-89.08333333
3443,SLIDELL,슬라이델항  ,US,United States of America,30.26666667,-89.78333333
3444,MADISONVILLE,매디슨빌항  ,US,United States of America,30.4,-90.15
3445,CONCHAN OIL TERMINAL,콘찬 오일 터미널항  ,PE,Peru,-12.16666667,-77
3446,LA PAMPILLA OIL TERMINAL,라팜피야 오일 터미널항  ,PE,Peru,-11.93333333,-77.13333333
3447,ZIRKUH OIL FIELD,질쿠 오일필드항  ,AE,United Arab Emirates,24.86666667,53.05
3448,SALIF,살리프항  ,YE,Yemen,15.3,42.66666667
3449,BARBERS POINT TERMINAL,바버스포인트 터미널항  ,US,United States of America,21.26666667,-158.1
3450,LAAYOUNE,라윰항  ,EH,Western Sahara,27.08333333,-13.43333333
3451,ISLE OF GRAIN,그레인섬항  ,GB,United Kingdom of Great Britain and Northern Ireland,51.43333333,0.7
3452,FELIXSTOWE,펠릭스토우항  ,GB,United Kingdom of Great Britain and Northern Ireland,51.95,1.316666667
3453,STRAUMSVIK,스트라우름스비크항  ,IS,Iceland,64.05,-22.05
3454,BOLUNGAVIK,볼룽가비크항  ,IS,Iceland,66.16666667,-23.23333333
3455,DALVIK,달비크항  ,IS,Iceland,65.98333333,-18.51666667
3456,KILKEEL,킬킬항  ,GB,United Kingdom of Great Britain and Northern Ireland,54.05,-5.983333333
3457,QUTDLEQ,쿠틀렉항  ,GL,Greenland,61.51666667,-42.21666667
3458,KUSANARTOQ,쿠사나르토크항  ,GL,Greenland,61.76666667,-42.21666667
3459,LIVERPOOL BAY TERMINAL,리버풀 베이 터미널항  ,GB,United Kingdom of Great Britain and Northern Ireland,53.53333333,-3.55
3460,FOLKESTONE HARBOUR,폴크스턴항  ,GB,United Kingdom of Great Britain and Northern Ireland,51.08333333,1.2
3461,LAVRIO,라브리오항  ,GR,Greece,37.7,24.06666667
3462,RENI,레니항  ,UA,Ukraine,45.43333333,28.3
3463,SUPSA MARINE TERMINAL,수프사 마린 터미널항  ,GE,Georgia,42.1,41.71666667
3464,LAJES,라지스항  ,PT,Portugal,38.4,-28.26666667
3465,NAVLAKHI,나블라키항  ,IN,India,22.95,70.45
3466,YETAGUN MARINE TERMINAL,예타군 마린 터미널항  ,MM,Republic of the Union of Myanmar,13.05,96.85
3467,ANGRA DO HEROISMO,앙그라 두 에로이즈무항  ,PT,Portugal,38.65,-27.21666667
3468,PRAIA DE VITORIA,프라이아 데 비토리아항  ,PT,Portugal,38.71666667,-27.05
3469,PONTA DELGADA,폰타 델가다항  ,PT,Portugal,37.73333333,-25.66666667
3470,VILA DO PORTO,빌라 두 포르투항  ,PT,Portugal,36.93333333,-25.15
3471,SAPANGAR BAY,사팡가르 베이항  ,MY,Malaysia,6.083333333,116.1166667
3472,MALONG MARINE TERMINAL,말롱 마린 터미널항  ,MY,Malaysia,4.633333333,104.8166667
3473,SUNGAIGERONG,순가이게롱항  ,ID,Indonesia,-2.983333333,104.8333333
3474,BLANGLANCANG,블랑란창항  ,ID,Indonesia,5.233333333,97.1
3475,POLENG OIL FIELD,폴렝 오일필드항  ,ID,Indonesia,-6.65,112.9166667
3476,PULAU BAAI,풀라우 바이항  ,ID,Indonesia,-3.916666667,102.2833333
3477,RAMBA,람바항  ,ID,Indonesia,-2.616666667,104.1333333
3478,PORT DE BECANCOUR,베캉쿠르항  ,CA,Canada,46.4,-72.38333333
3479,KUALA BELAIT,쿠알라 블라잇항  ,BN,Brunei Darussalam,4.633333333,114.2
3480,PELABUHAN SUNGAI UDANG,슬라유당항  ,MY,Malaysia,2.25,102.1333333
3481,COMODORO RIVADAVIA,코모도로 리바다비아항  ,AR,Argentina,-45.86666667,-67.46666667
3482,PUERTO DESEADO,푸에르토 데세아도항  ,AR,Argentina,-47.75,-65.9
3483,RIO GRANDE,리우그란지항  ,AR,Argentina,-53.78333333,-67.68333333
3484,STANLEY,스탠리항  ,FK,Falkland Islands (Malvinas),-51.7,-57.83333333
3485,GRYTVIKEN,그리트비켄항  ,GS,South Georgia and the South Sandwich Islands,-54.26666667,-36.5
3486,PUNTA DELGADA,푼타 델가다항  ,CL,Chile,-52.46666667,-69.55
3487,RADA PUNTA ARENAS,라다 푼타 아레나스항  ,CL,Chile,-53.16666667,-70.9
3488,BAHIA AGUA FRESCA,바이아 아구아 프레스카항  ,CL,Chile,-53.38333333,-70.96666667
3489,PUERTO YARTOU,푸에르토 야르토우항  ,CL,Chile,-53.88333333,-70.15
3490,ENITWETAK ISLAND,에니웨톡섬항  ,MH,Marshall Is.,11.33333333,162.3333333
3491,KWAJALEIN,콰잘레인항  ,MH,Marshall Is.,8.716666667,167.7333333
3492,POHNPEI HARBOR,포네페항  ,FM,Micronesia,6.983333333,158.2
3493,MOEN,모엔항  ,FM,Micronesia,7.433333333,151.8333333
3494,KAVIENG HARBOR,카비엥항  ,PG,Papua New Guinea,-2.583333333,150.8
3495,RABAUL,라발항  ,PG,Papua New Guinea,-4.2,152.1833333
3496,RINGGI COVE,링기 코브항  ,SB,Solomon Islands,-8.116666667,157.1
3497,NOUMEA,누메아항  ,NC,New Caledonia,-22.28333333,166.4333333
3498,BAIE UGUE,바이에 위게항  ,NC,New Caledonia,-21.15,165.55
3499,M'BYA OIL TERMINAL,엠비야 오일 터미널항  ,GA,Gabon,-3.883333333,10.93333333
3500,PORTO AMBOIM,포르투 암보잉항  ,AO,Angola,-10.73333333,13.75
3501,SUMBE,숨베항  ,AO,Angola,-11.2,13.83333333
3502,JAMESTOWN,제임스타운항  ,SH,"Saint Helena, Ascension and Tristan da Cunha",-15.91666667,-5.716666667
3503,EDINBURGH OF THE SEVEN SEAS,에든버러 오브 더 세븐 시스항  ,SH,"Saint Helena, Ascension and Tristan da Cunha",-37.05,-12.3
3504,PELABUHAN BASS,슬라바산항  ,MY,Malaysia,6.316666667,99.83333333
3505,PULAU PINANG,풀라우 피낭항  ,MY,Malaysia,5.416666667,100.35
3506,SERANGOON HARBOR,세랑군항  ,SG,Singapore,1.4,103.95
3507,DRY SPRUCE BAY,드라이 스프루스 베이항  ,US,United States of America,57.93333333,-153.0333333
3508,PORT VITA,포트 비타항  ,US,United States of America,58.06666667,-153.0666667
3509,BEAR ISLAND,베어 아일랜드항  ,US,United States of America,58.45,-152.6833333
3510,HOGG ISLAND,호그 아일랜드항  ,US,United States of America,58.46666667,-152.6833333
3511,PORT WILLIAM,포트 윌리엄항  ,US,United States of America,58.48333333,-152.5833333
3512,KANATAK,카나탁항  ,US,United States of America,57.56666667,-156.0333333
3513,CHIGNIK,치그닉항  ,US,United States of America,56.3,-158.4
3514,IVANOF BAY,아이바노프 베이항  ,US,United States of America,55.8,-159.4666667
3515,SAND POINT,샌드 포인트항  ,US,United States of America,55.33333333,-160.5333333
3516,BARALOF BAY,바랄로프 베이항  ,US,United States of America,55.23333333,-160.5333333
3517,BELKOFSKI,벨코프스키항  ,US,United States of America,55.08333333,-162.0333333
3518,KING COVE,킹 코브항  ,US,United States of America,55.05,-162.3166667
3519,COLD BAY,콜드 베이항  ,US,United States of America,55.2,-162.7
3520,SANAK,사낙항  ,US,United States of America,54.48333333,-162.8166667
3521,CANNERY BAY,캐너리 베이항  ,US,United States of America,53.7,-166.75
3522,MAKUSHIN,마쿠신항  ,US,United States of America,53.76666667,-166.9833333
3523,DUTCH HARBOR,더치 하버항  ,US,United States of America,53.9,-166.5333333
3524,UNALASKA,우날라스카항  ,US,United States of America,53.86666667,-166.5333333
3525,PALISADES POINT,팰리세이즈 포인트항  ,US,United States of America,52.23333333,-174.1666667
3526,CONSTANTINE HARBOR,콘스탄틴 하버항  ,US,United States of America,51.4,179.3
3527,KISKA,키스카항  ,US,United States of America,51.96666667,177.55
3528,ALCAN HARBOR,알칸 하버항  ,US,United States of America,52.73333333,174.0666667
3529,WHITTIER,위티어항  ,US,United States of America,60.83333333,-148.6666667
3530,CRAB BAY,크랩 베이항  ,US,United States of America,60.06666667,-148
3531,PORT ASHTON,포트 애슈턴항  ,US,United States of America,60.06666667,-148.05
3532,SKOOT COVE,스쿳 코브항  ,US,United States of America,52.71666667,174.0666667
3533,KETCHIKAN,케치칸항  ,US,United States of America,55.33333333,-131.65
3534,WARD COVE,워드 코브항  ,US,United States of America,55.4,-131.7333333
3535,KNUDSON COVE,크누드슨 코브항  ,US,United States of America,55.46666667,-131.8
3536,LORING,로링항  ,US,United States of America,55.6,-131.6333333
3537,YES BAY,예스 베이항  ,US,United States of America,55.91666667,-131.8
3538,UNION BAY,유니언 베이항  ,US,United States of America,55.76666667,-132.2166667
3539,BURNETT INLET,버넷 인렛항  ,US,United States of America,56.06666667,-132.4666667
3540,WRANGELL,랭겔항  ,US,United States of America,56.46666667,-132.3833333
3541,KASAAN,카산항  ,US,United States of America,55.53333333,-132.4
3542,ROSE INLET,로즈 인렛항  ,US,United States of America,54.95,-132.9666667
3543,HYDABURG,하이다버그항  ,US,United States of America,55.2,-132.8333333
3544,WATERFALL,워터폴항  ,US,United States of America,55.3,-133.2333333
3545,CRAIG,크레이그항  ,US,United States of America,55.46666667,-133.15
3546,KLAWOCK,클라워크항  ,US,United States of America,55.55,-133.1
3547,STEAMBOAT BAY,스팀보트 베이항  ,US,United States of America,55.53333333,-133.6333333
3548,FISHERMANS HARBOR,피셔먼스 하버항  ,US,United States of America,55.96666667,-133.8
3549,PETERSBURG,피터스버그항  ,US,United States of America,56.81666667,-132.95
3550,KAKE,케이크항  ,US,United States of America,56.96666667,-133.9333333
3551,WASHINGTON BAY,워싱턴 베이항  ,US,United States of America,56.73333333,-134.35
3552,BAY OF PILLARS,베이 오브 필러스항  ,US,United States of America,56.6,-134.2333333
3553,BIG PORT WALTER,빅 포트 월터항  ,US,United States of America,56.38333333,-134.7333333
3554,LITTLE PORT WALTER,리틀 포트 월터항  ,US,United States of America,56.38333333,-134.6333333
3555,PORT ARMSTRONG,포트 암스트롱항  ,US,United States of America,56.3,-134.6666667
3556,PORT CONCLUSION,포트 콘클루전항  ,US,United States of America,56.25,-134.6833333
3557,PORT ALEXANDER,포트 알렉산더항  ,US,United States of America,56.25,-134.65
3558,SITKA,시트카항  ,US,United States of America,57.05,-135.3333333
3559,KIMSHAN COVE,킴샨 코브항  ,US,United States of America,57.68333333,-136.1166667
3560,PELICAN,펠리컨항  ,US,United States of America,57.96666667,-136.2333333
3561,PORT SULPHUR,포트 설퍼항  ,US,United States of America,29.48333333,-89.68333333
3562,GRETNA,그레트나항  ,US,United States of America,29.91666667,-90.06666667
3563,NEW ORLEANS,뉴올리언스항  ,US,United States of America,29.95,-90.05
3564,PORT OF MEMPHIS,멤피스항  ,US,United States of America,35.06666667,-90.16666667
3565,ST ROSE,세인트 로즈항  ,US,United States of America,29.95,-90.31666667
3566,RESERVE,리저브항  ,US,United States of America,30.05,-90.55
3567,DESTREHAN,데스트레한항  ,US,United States of America,29.95,-90.36666667
3568,BATON ROUGE,배턴루지항  ,US,United States of America,30.45,-91.18333333
3569,LOOP TERMINAL,루프 터미널항  ,US,United States of America,28.88333333,-90.01666667
3570,GRAND ISLE,그랜드 아일항  ,US,United States of America,29.23333333,-90
3571,MORGAN CITY,모건 시티항  ,US,United States of America,29.7,-91.21666667
3572,HAYMARK TERMINAL,헤이마크 터미널항  ,US,United States of America,30.13333333,-93.31666667
3573,LAKE CHARLES,레이크 찰스항  ,US,United States of America,30.21666667,-93.25
3574,SABINE,서빈항  ,US,United States of America,29.71666667,-93.86666667
3575,SABINE PASS,서빈 패스항  ,US,United States of America,29.73333333,-93.9
3576,ORANGE,오렌지항  ,US,United States of America,30.08333333,-93.73333333
3577,PORT ARTHUR,포트 아서항  ,US,United States of America,29.83333333,-93.96666667
3578,BRUNSWICK,브런즈윅항  ,US,United States of America,31.15,-81.5
3579,FERNANDINA BEACH,퍼낸디나 비치항  ,US,United States of America,30.68333333,-81.46666667
3580,MAYPORT,메이포트항  ,US,United States of America,30.4,-81.43333333
3581,PAULSBORO,폴즈보로항  ,US,United States of America,39.85,-75.25
3582,GLOUCESTER,글로스터항  ,US,United States of America,39.9,-75.13333333
3583,CAMDEN,캠든항  ,US,United States of America,39.95,-75.13333333
3584,BURLINGTON,벌링턴항  ,US,United States of America,40.08333333,-74.86666667
3585,BRISTOL,브리스톨항  ,US,United States of America,40.1,-74.85
3586,TRENTON,트렌턴항  ,US,United States of America,40.2,-74.76666667
3587,OCEAN CITY,오션 시티항  ,US,United States of America,38.33333333,-75.08333333
3588,CAPE CHARLES,케이프 찰스항  ,US,United States of America,37.26666667,-76.01666667
3589,SALISBURY,솔즈베리항  ,US,United States of America,38.36666667,-75.6
3590,HAVRE DE GRACE,헤이브르드그레이스항  ,US,United States of America,39.53333333,-76.08333333
3591,BALTIMORE,볼티모어항  ,US,United States of America,39.26666667,-76.58333333
3592,ANNAPOLIS,아나폴리스항  ,US,United States of America,38.98333333,-76.48333333
3593,SOLOMONS ISLAND,솔로몬스 아일랜드항  ,US,United States of America,38.31666667,-76.45
3594,WASHINGTON D.C.,워싱턴 D.C.항  ,US,United States of America,38.86666667,-77.03333333
3595,ALEXANDRIA,알렉산드리아항  ,US,United States of America,38.8,-77.03333333
3596,PINEY POINT,파이니 포인트항  ,US,United States of America,38.13333333,-76.53333333
3597,YORKTOWN,요크타운항  ,US,United States of America,37.23333333,-76.5
3598,WEST POINT,웨스트 포인트항  ,US,United States of America,37.53333333,-76.8
3599,FREDERICKSBURG,프레더릭스버그항  ,US,United States of America,38.3,-77.45
3600,NORFOLK,노퍽항  ,US,United States of America,36.85,-76.3
3601,PORTSMOUTH,포츠머스항  ,US,United States of America,36.81666667,-76.3
3602,NEWPORT NEWS,뉴포트 뉴스항  ,US,United States of America,36.96666667,-76.43333333
3603,WARWICK,워릭항  ,US,United States of America,37.45,-77.41666667
3604,RICHMOND,리치먼드항  ,US,United States of America,37.53333333,-77.41666667
3605,ELIZABETH CITY,엘리자베스 시티항  ,US,United States of America,36.3,-76.21666667
3606,JOHOR,조호르항  ,MY,Malaysia,1.433333333,103.9
3607,NORTH PULAU LAUT COAL TERMINAL,노스 풀라우 라우트 석탄 터미널항  ,ID,Indonesia,-3.2,116.2833333
3608,TANAH MERAH,타나 메라항  ,ID,Indonesia,-1.816666667,116.1666667
3609,TANJUNG SANGATA,탄중 상가타항  ,ID,Indonesia,0.366666667,117.5666667
3610,TANJUNG BALAI KARIMUN,탄중 발라이 카리문항  ,ID,Indonesia,0.983333333,103.4333333
3611,KUALA TANJUNG,쿠알라 탄중항  ,ID,Indonesia,3.366666667,99.48333333
3612,SEKUPANG,스쿠팡항  ,ID,Indonesia,1.133333333,103.9166667
3613,TANJUNG GEREM,탄중 게렘항  ,ID,Indonesia,-5.966666667,105.9833333
3614,EASTERN PART OF NIIGATA-KO,니이가타코 동부항  ,JP,Japan,38.01666667,139.2333333
3615,FUNABASHI,후나바시항  ,JP,Japan,35.66666667,139.95
3616,SOMA,소마항  ,JP,Japan,37.83333333,140.95
3617,HIKARI,히카리항  ,JP,Japan,33.95,131.9333333
3618,HIMEKAWA,히메카와항  ,JP,Japan,37.03333333,137.85
3619,HIROHATA,히로하타항  ,JP,Japan,34.76666667,134.6333333
3620,HIBIKINADA,히비키나다항  ,JP,Japan,33.93333333,130.8333333
3621,MEGA,메가항  ,JP,Japan,34.78333333,134.7
3622,MITSUKOJIMA,미쓰코지마항  ,JP,Japan,34.18333333,132.5166667
3623,MATSU-SHIMA,마쓰시마항  ,JP,Japan,32.93333333,129.6
3624,NAMIKATA,나미카타항  ,JP,Japan,34.11666667,132.9
3625,NOSHIRO KO,노시로코항  ,JP,Japan,40.21666667,140
3626,SAKAIMINATO,사카이미나토항  ,JP,Japan,35.53333333,133.2333333
3627,SHIKAMA,시카마항  ,JP,Japan,34.76666667,134.65
3628,TOBATA,토바타항  ,JP,Japan,33.91666667,130.8166667
3629,YANAI,야나이항  ,JP,Japan,33.95,132.1333333
3630,YAHATA,야하타항  ,JP,Japan,33.86666667,130.8166667
3631,YURA,유라항  ,JP,Japan,33.95,135.1
3632,QUEEN CAROLA HARBOR,퀸 캐롤라항  ,PG,Papua New Guinea,-5.166666667,154.55
3633,CHINAE,차이나에항  ,KR,Republic of Korea,35.13333333,128.65
3634,CAPE FLATTERY HARBOR,케이프 플래터리항  ,AU,Australia,-14.95,145.35
3635,NOUAKCHOTT,누악쇼트항  ,MR,Mauritania,18.03333333,-16.03333333
3636,BIALLA,비알라항  ,PG,Papua New Guinea,-5.3,150.9833333
3637,PORT OF SOHAR,소하르항  ,OM,Oman,24.51666667,56.63333333
3638,UNGA,운가항  ,US,United States of America,55.18333333,-160.5
3639,AKUTAN HARBOR,아쿠탄항  ,US,United States of America,54.13333333,-165.8
3640,ADAK NAVAL AIR STATION,아닥항  ,US,United States of America,51.86666667,-176.6333333
3641,PORT CHILKOOT,칠쿠트항  ,US,United States of America,59.23333333,-135.4333333
3642,ORCA,오르카항  ,US,United States of America,60.58333333,-145.7166667
3643,AL SHAHEEN TERMINAL,알 샤힌항  ,QA,Qatar,26.58333333,52
3644,AL RAYYAN TERMINAL,알 라이얀항  ,QA,Qatar,26.65,51.55
3645,KEPPEL - (EAST SINGAPORE),이스트 싱가포르 케펠항  ,SG,Singapore,1.283333333,103.85
3646,JURONG ISLAND,주롱 아일랜드항  ,SG,Singapore,1.283333333,103.7333333
3647,SAINT-VALERY-SUR-SOMME,생발레리쉬르솜항  ,FR,France,50.18333333,1.616666667
3648,LE TREPORT,르 트레포르항  ,FR,France,50.06666667,1.366666667
3649,DIEPPE,디에프항  ,FR,France,49.93333333,1.083333333
3650,PORT DU HAVRE-ANTIFER,앙티페르항  ,FR,France,49.65,0.15
3651,PORT OF LE HAVRE,르 아브르항  ,FR,France,49.48333333,0.116666667
3652,SATTAHIP,사타힙항  ,TH,Thailand,12.61666667,100.9166667
3653,MATANZAS,마탄사스항  ,CU,Cuba,23.05,-81.55
3654,PORT OF ROUEN,루앙항  ,FR,France,49.45,1.066666667
3655,PUERTO PADRE,푸에르토 파드레항  ,CU,Cuba,21.28333333,-76.53333333
3656,BAHIA DE SAGUA DE TANAMO,사과 데 타나모항  ,CU,Cuba,20.68333333,-75.33333333
3657,PUERTO GUANTANAMO,과탄나모항  ,CU,Cuba,19.98333333,-75.13333333
3658,DEAUVILLE,도빌항  ,FR,France,49.36666667,0.083333333
3659,PORT DE CAEN,캉항  ,FR,France,49.18333333,-0.35
3660,OUISTREHAM,위스트르엉항  ,FR,France,49.28333333,-0.25
3661,ELFIN COVE,엘핀 코브항  ,US,United States of America,58.2,-136.35
3662,HOONAH,후나항  ,US,United States of America,58.11666667,-135.45
3663,TENAKEE SPRINGS,TENAKEE SPRINGS,US,United States of America,57.78333333,-135.2
3664,CHATHAM,CHATHAM,US,United States of America,57.51666667,-134.9333333
3665,TODD,TODD,US,United States of America,57.46666667,-135.05
3666,HOOD BAY,HOOD BAY,US,United States of America,57.4,-134.5
3667,HAWK INLET,HAWK INLET,US,United States of America,58.11666667,-134.75
3668,FUNTER,FUNTER,US,United States of America,58.25,-134.9
3669,DUPONT,DUPONT,US,United States of America,58.23333333,-134.2666667
